,Time,WS,Ta,RH,Rain,Press,SW_IN,Rn,ET,H,G,LAI,SIF,Month,acc_rain2,acc_rain3,acc_rain5,acc_rain7,acc_rain10,acc_rain15,acc_rain20,acc_rain30,DEM,GRA,CLAY,SAND,SILT,WSA,SAV,EBF,DBF,MF,ENF,WET,CRO,OSH,CSH,SM
0,20110715,2.544,21.715,72.95729166666666,0.0,98.9,320.16,148.142291667,1.3184269151586103,134.047,4.15775,1.5,0.1970375,7,0.19899999999999998,0.19899999999999998,0.597,0.597,0.597,112.02,112.02,112.02,200,0,22,45,32,0,0,0,0,0,0,0,1,0,0,0.11199999999999999
1,20110716,2.145,20.858,73.47395833333333,0.0,98.83200000000001,323.916,145.656291667,1.2141118028976272,141.582,4.42604,1.5,0.19655,7,0.0,0.19899999999999998,0.597,0.597,0.597,112.02,112.02,112.02,200,0,22,45,32,0,0,0,0,0,0,0,1,0,0,0.124
2,20110717,2.681,21.715999999999998,66.55624999999999,0.0,98.47,327.668,150.508125,1.3364419156632343,149.227,5.6214,1.5,0.1960625,7,0.0,0.0,0.19899999999999998,0.597,0.597,61.285,112.02,112.02,200,0,22,45,32,0,0,0,0,0,0,0,1,0,0,0.11699999999999999
3,20110719,3.438,22.491999999999997,68.01291666666667,0.0,98.16,273.68,132.92945833299999,1.5279104543177109,130.86700000000002,9.05447,1.5,0.1950875,7,0.0,0.0,0.0,0.19899999999999998,0.597,61.08600000000001,112.02,112.02,200,0,22,45,32,0,0,0,0,0,0,0,1,0,0,0.11699999999999999
4,20110721,2.95,20.749000000000002,64.16416666666667,0.0,98.29899999999999,336.658,151.35270833299998,1.349406381697114,163.299,4.76963,1.4875,0.1972875,7,3.867,3.867,3.867,3.867,4.464,4.4639999999999995,115.887,115.887,200,0,22,45,32,0,0,0,0,0,0,0,1,0,0,0.15
5,20110722,2.636,20.969,72.94333333333333,0.0,98.35,292.256,137.7229375,1.1330467895064444,157.167,4.75548,1.475,0.199975,7,0.0,3.867,3.867,3.867,4.066,4.4639999999999995,65.152,115.887,200,0,22,45,32,0,0,0,0,0,0,0,1,0,0,0.131
6,20110723,3.0189999999999997,21.801,79.66854166666667,1.839,98.249,265.97,129.393652174,3.9887537620873688,98.3832,4.97023,1.4625,0.2026625,7,1.839,1.839,5.706,5.706,5.9049999999999985,6.302999999999999,66.991,117.726,200,0,22,45,32,0,0,0,0,0,0,0,1,0,0,0.15
7,20110724,2.966,19.809,72.00604166666666,0.977,97.98299999999999,297.66,130.57210869600002,1.4519713675776884,83.48899999999998,1.93694,1.4500000000000002,0.20535,7,2.8160000000000003,2.8160000000000003,6.683,6.683,6.683,7.2799999999999985,67.76899999999999,118.70299999999999,200,0,22,45,32,0,0,0,0,0,0,0,1,0,0,0.157
8,20110725,2.92,17.93,80.53125,1.4769999999999999,98.125,225.862,97.1195833333,1.6700385541292089,55.9813,-0.990118,1.4375,0.2080375,7,2.454,4.292999999999998,4.293,8.16,8.16,8.757,8.757,120.18,200,0,22,45,32,0,0,0,0,0,0,0,1,0,0,0.14
9,20110726,1.57,19.248,77.25958333333334,0.8740000000000001,98.545,246.06,123.3374375,1.3830682868696116,58.4857,1.90485,1.425,0.210725,7,2.351,3.3280000000000003,5.167000000000002,9.033999999999999,9.034,9.630999999999998,9.630999999999998,121.054,200,0,22,45,32,0,0,0,0,0,0,0,1,0,0,0.157
10,20110801,1.256,20.924,80.68624999999999,0.0,98.68,272.21,136.7336,1.371626068863934,77.4363,7.33074,1.3,0.2154,8,0.0,0.0,4.91,20.307,24.6,28.467,28.666,89.75200000000002,200,0,22,45,32,0,0,0,0,0,0,0,1,0,0,0.126
11,20110803,1.6869999999999998,22.844,72.49604166666667,0.18,99.195,279.408,130.863708333,1.0627809513131032,87.7909,7.2896,1.25,0.21505,8,0.18,0.18,0.18,5.09,21.964000000000002,28.647,28.647,89.73299999999998,200,0,22,45,32,0,0,0,0,0,0,0,1,0,0,0.15
12,20110804,1.777,22.965,74.33395833333334,0.0,98.87299999999999,281.752,136.7453125,1.2313443358947846,94.7474,6.060309999999999,1.225,0.214875,8,0.18,0.18,0.18,0.379,20.487,24.78,28.647,29.244,200,0,22,45,32,0,0,0,0,0,0,0,1,0,0,0.13
13,20110805,1.13,23.941999999999997,71.48854166666666,0.0,98.735,292.466,138.02933333299998,1.1215469040254156,98.9621,7.35163,1.2000000000000002,0.2147,8,0.0,0.18,0.18,0.18,19.613,24.78,28.647,29.244,200,0,22,45,32,0,0,0,0,0,0,0,1,0,0,0.127
14,20110806,1.973,23.254,72.355,0.0,98.655,303.737,138.391458333,1.0836116412399126,101.10799999999999,6.98958,1.1875,0.208675,8,0.0,0.0,0.18,0.18,5.09,24.78,28.647,29.244,200,0,22,45,32,0,0,0,0,0,0,0,1,0,0,0.129
15,20110807,2.524,22.934,72.97208333333333,0.0,98.62100000000001,302.743,140.995,1.0574119213847766,100.235,5.26417,1.175,0.20265,8,0.0,0.0,0.18,0.18,0.379,22.941,28.647,29.244,200,0,22,45,32,0,0,0,0,0,0,0,1,0,0,0.127
16,20110808,3.7880000000000003,24.353,77.98354166666667,0.0,98.605,234.822,114.16183333299999,0.878039824854232,88.5735,3.06215,1.1625,0.196625,8,0.0,0.0,0.0,0.18,0.18,21.964,28.647,29.244,200,0,22,45,32,0,0,0,0,0,0,0,1,0,0,0.133
17,20110809,2.496,23.891,69.36270833333333,0.0,98.645,277.31,115.8675,1.0557732334476422,91.9798,6.19871,1.15,0.1906,8,0.0,0.0,0.0,0.18,0.18,20.487,24.78,29.244,200,0,22,45,32,0,0,0,0,0,0,0,1,0,0,0.134
18,20110810,4.4639999999999995,22.619,46.96208333333333,0.0,99.102,323.586,138.4520625,1.4677447017026048,94.7302,2.16308,1.1375,0.184575,8,0.0,0.0,0.0,0.0,0.18,19.613,24.78,29.244,200,0,22,45,32,0,0,0,0,0,0,0,1,0,0,0.125
19,20110811,1.3780000000000001,21.059,51.99125,0.0,99.198,317.438,131.055625,1.0312359728376856,98.4559,2.1419,1.125,0.17855,8,0.0,0.0,0.0,0.0,0.18,5.09,24.78,28.846,200,0,22,45,32,0,0,0,0,0,0,0,1,0,0,0.14300000000000002
20,20110812,1.834,21.71,56.68937500000001,0.0,98.815,303.745,131.4684375,1.9331242814872311,94.0877,3.08792,1.1125,0.172525,8,0.0,0.0,0.0,0.0,0.18,0.379,22.941,28.846,200,0,22,45,32,0,0,0,0,0,0,0,1,0,0,0.153
21,20110813,1.7409999999999999,22.188000000000002,56.63770833333333,0.0,98.552,304.123,132.95910416700002,1.1013693291766309,101.68299999999999,4.3246,1.1,0.1665,8,0.0,0.0,0.0,0.0,0.0,0.18,21.964000000000002,28.647,200,0,22,45,32,0,0,0,0,0,0,0,1,0,0,0.12300000000000001
22,20110814,1.315,22.125,64.999375,0.0,98.574,301.291,134.659916667,0.8442198573990157,106.667,4.6424,1.0875,0.1622875,8,0.0,0.0,0.0,0.0,0.0,0.18,20.487,28.647,200,0,22,45,32,0,0,0,0,0,0,0,1,0,0,0.132
23,20110815,1.771,22.423000000000002,62.34416666666666,0.0,98.698,234.08,100.14552083299999,0.8959428528058657,86.5488,2.47017,1.075,0.15807500000000002,8,0.0,0.0,0.0,0.0,0.0,0.18,19.613,28.647,200,0,22,45,32,0,0,0,0,0,0,0,1,0,0,0.13
24,20110816,1.325,24.599,69.03520833333333,0.0,98.88,294.643,144.135020833,0.975778104993284,109.065,6.59733,1.0625,0.1538625,8,0.0,0.0,0.0,0.0,0.0,0.18,5.09,28.647,200,0,22,45,32,0,0,0,0,0,0,0,1,0,0,0.13699999999999998
25,20110817,1.119,25.771,62.12458333333333,0.0,98.92299999999999,294.681,135.4303125,0.8310781375185265,104.62899999999999,7.34175,1.05,0.14965,8,0.0,0.0,0.0,0.0,0.0,0.18,0.379,28.647,200,0,22,45,32,0,0,0,0,0,0,0,1,0,0,0.133
26,20110818,0.998,25.656999999999996,63.00604166666667,0.0,99.042,287.327,131.26358333299999,0.7892382402833402,104.348,6.6032699999999975,1.0375,0.1454375,8,0.0,0.0,0.0,0.0,0.0,0.0,0.18,28.647,200,0,22,45,32,0,0,0,0,0,0,0,1,0,0,0.13
27,20110819,1.46,25.287,56.88916666666668,0.0,99.205,296.778,129.509916667,0.8681606039787856,99.6571,5.0749,1.025,0.14122500000000002,8,0.0,0.0,0.0,0.0,0.0,0.0,0.18,24.78,200,0,22,45,32,0,0,0,0,0,0,0,1,0,0,0.132
28,20110820,1.443,26.238000000000003,52.01104166666667,0.0,99.227,288.695,127.20945833299999,0.7200342778954838,95.5123,4.6809,1.0125,0.1370125,8,0.0,0.0,0.0,0.0,0.0,0.0,0.18,24.78,200,0,22,45,32,0,0,0,0,0,0,0,1,0,0,0.12300000000000001
29,20110821,1.271,28.026999999999997,51.09625,0.0,99.166,283.625,127.4765625,0.763239476542999,98.4833,5.82315,1.0,0.1328,8,0.0,0.0,0.0,0.0,0.0,0.0,0.18,24.78,200,0,22,45,32,0,0,0,0,0,0,0,1,0,0,0.133
30,20110822,1.203,28.546,39.22020833333333,0.0,99.083,283.93,121.400416667,0.7699127078952807,94.6183,5.62823,0.9875,0.1296875,8,0.0,0.0,0.0,0.0,0.0,0.0,0.18,22.941,200,0,22,45,32,0,0,0,0,0,0,0,1,0,0,0.13699999999999998
31,20110823,1.3719999999999999,27.25,41.52583333333333,0.0,99.068,284.45799999999997,124.515375,0.8403735622331694,98.1244,4.2484,0.975,0.126575,8,0.0,0.0,0.0,0.0,0.0,0.0,0.0,21.964,200,0,22,45,32,0,0,0,0,0,0,0,1,0,0,0.131
32,20110824,1.739,27.273000000000003,40.597708333333344,0.0,98.98700000000001,281.9190000000001,121.197791667,0.7638466411941326,96.9861,4.22846,0.9625,0.1234625,8,0.0,0.0,0.0,0.0,0.0,0.0,0.0,20.487,200,0,22,45,32,0,0,0,0,0,0,0,1,0,0,0.125
33,20110825,1.5659999999999998,26.77,40.02,0.0,98.896,276.906,117.16020833299999,0.6244346536632807,90.7231,3.94254,0.95,0.12035,8,0.0,0.0,0.0,0.0,0.0,0.0,0.0,19.613,200,0,22,45,32,0,0,0,0,0,0,0,1,0,0,0.14200000000000002
34,20110831,1.815,22.075,58.67895833333333,0.0,98.73200000000001,270.34,116.15375,0.6985965600722889,94.0968,1.5618299999999998,0.925,0.1049,8,0.0,0.0,0.0,0.0,0.0,0.0,0.0,0.18,200,0,22,45,32,0,0,0,0,0,0,0,1,0,0,0.14400000000000002
35,20110901,2.177,22.805,63.341041666666676,0.0,98.936,253.452,113.31575,0.7564987238200879,84.1212,1.4772299999999998,0.9375,0.1034,9,0.0,0.0,0.0,0.0,0.0,0.0,0.0,0.18,200,0,22,45,32,0,0,0,0,0,0,0,1,0,0,0.13
36,20110902,1.847,24.533,56.46250000000001,0.0,98.88,243.352,109.087229167,0.7095830382419765,82.2213,2.4199599999999997,0.95,0.1019,9,0.0,0.0,0.0,0.0,0.0,0.0,0.0,0.0,200,0,22,45,32,0,0,0,0,0,0,0,1,0,0,0.14400000000000002
37,20110903,1.4169999999999998,25.656,66.32729166666667,0.0,98.816,217.265,99.5385625,0.7118591669298409,78.9734,4.1081,0.9625,0.1004,9,0.0,0.0,0.0,0.0,0.0,0.0,0.0,0.0,200,0,22,45,32,0,0,0,0,0,0,0,1,0,0,0.134
38,20110904,2.5340000000000003,23.84800000000001,76.42666666666666,0.36,98.87799999999999,150.45600000000005,68.6408541667,0.4834125280260093,53.2633,0.468688,0.975,0.0989,9,0.36,0.36,0.36,0.36,0.36,0.36,0.36,0.36,200,0,22,45,32,0,0,0,0,0,0,0,1,0,0,0.126
39,20110905,2.73,21.756,80.45895833333333,4.14,99.01899999999999,218.61900000000003,93.9730434783,0.6786337942731397,63.4095,-2.30262,0.9875,0.0974,9,4.5,4.5,4.5,4.5,4.5,4.5,4.5,4.5,200,0,22,45,32,0,0,0,0,0,0,0,1,0,0,0.152
40,20110906,1.253,22.604,60.766875,0.18,99.22,252.18,114.790416667,0.9499898407005166,91.8033,0.340958,1.0,0.0959,9,4.3199999999999985,4.68,4.68,4.68,4.68,4.68,4.68,4.68,200,0,22,45,32,0,0,0,0,0,0,0,1,0,0,0.13699999999999998
41,20110907,2.056,21.42,65.13020833333333,0.0,98.945,223.873,93.283125,0.8813331642464958,72.5912,-0.369479,1.0,0.093475,9,0.18,4.319999999999999,4.68,4.68,4.68,4.68,4.68,4.68,200,0,22,45,32,0,0,0,0,0,0,0,1,0,0,0.132
42,20110908,1.3880000000000001,21.638,62.59041666666667,0.0,98.585,232.575,99.5955416667,1.005820311015486,98.9514,0.348708,1.0,0.09105,9,0.0,0.18,4.68,4.68,4.68,4.68,4.68,4.68,200,0,22,45,32,0,0,0,0,0,0,0,1,0,0,0.135
43,20110913,1.193,22.364,65.73687500000001,0.0,98.86399999999999,224.29,101.2138125,1.1352343941267578,111.836,1.92658,1.0,0.07892500000000001,9,0.0,0.0,0.0,0.0,4.68,4.68,4.68,4.68,200,0,22,45,32,0,0,0,0,0,0,0,1,0,0,0.131
44,20110914,0.873,23.095,60.58833333333334,0.0,98.84899999999999,233.324,102.120416667,1.1372223830886867,111.211,2.4079200000000003,1.0,0.0765,9,0.0,0.0,0.0,0.0,4.3199999999999985,4.68,4.68,4.68,200,0,22,45,32,0,0,0,0,0,0,0,1,0,0,0.133
45,20110915,1.229,23.068,59.38666666666668,0.0,98.95299999999999,237.611,99.94375,1.1881741353036184,118.272,2.69862,1.0125,0.077625,9,0.0,0.0,0.0,0.0,0.18,4.68,4.68,4.68,200,0,22,45,32,0,0,0,0,0,0,0,1,0,0,0.14800000000000002
46,20110916,1.7519999999999998,23.381999999999998,50.58854166666666,0.0,99.042,237.753,96.3272916667,1.129583002455722,110.485,2.19775,1.025,0.07875,9,0.0,0.0,0.0,0.0,0.0,4.68,4.68,4.68,200,0,22,45,32,0,0,0,0,0,0,0,1,0,0,0.131
47,20110917,1.66,22.026,51.42249999999999,0.0,98.911,244.114,99.4120625,1.4907663105815112,75.469,1.02475,1.0375,0.079875,9,0.0,0.0,0.0,0.0,0.0,4.68,4.68,4.68,200,0,22,45,32,0,0,0,0,0,0,0,1,0,0,0.141
48,20110920,5.001,16.155,68.70083333333334,0.18,98.63600000000001,210.521,96.6818723404,1.6431393647832946,34.0852,-7.0311,1.075,0.08325,9,110.7,115.02,115.02,115.02,115.02,115.20000000000002,119.70000000000002,119.70000000000002,200,0,22,45,32,0,0,0,0,0,0,0,1,0,0,0.145
49,20110921,4.173,20.117,65.95875,0.0,98.95,238.041,117.59283333299999,1.7986310129632166,50.3743,0.305625,1.0875,0.084375,9,0.18,110.7,115.02,115.02,115.02,115.02,119.70000000000002,119.70000000000002,200,0,22,45,32,0,0,0,0,0,0,0,1,0,0,0.157
50,20110922,1.432,20.218,69.323125,0.0,98.904,214.912,101.821875,1.84924598851522,31.3765,0.752521,1.1,0.0855,9,0.0,0.18,115.02,115.02,115.02,115.02,119.70000000000002,119.70000000000002,200,0,22,45,32,0,0,0,0,0,0,0,1,0,0,0.166
51,20110923,1.022,19.597,79.45041666666667,0.54,98.822,153.209,77.5344583333,1.2899844748137737,15.6949,-1.15258,1.1125,0.0873,9,0.54,0.54,111.24,115.56,115.56,115.56,120.24,120.24,200,0,22,45,32,0,0,0,0,0,0,0,1,0,0,0.18899999999999997
52,20110924,1.033,19.215,83.8,0.0,98.936,180.708,96.61200000000001,1.404352634812266,24.6407,-0.244875,1.125,0.0891,9,0.54,0.54,0.72,115.56,115.56,115.56,119.88,120.24,200,0,22,45,32,0,0,0,0,0,0,0,1,0,0,0.157
53,20110925,1.033,20.085,76.451875,0.0,99.18799999999999,182.331,83.115125,1.331802320630144,19.3712,0.0973958,1.1375,0.0909,9,0.0,0.54,0.54,111.24,115.56,115.56,115.74,120.24,200,0,22,45,32,0,0,0,0,0,0,0,1,0,0,0.153
54,20110926,1.983,20.837,68.26,0.0,99.37,216.454,99.6708333333,1.7844869399404266,23.331,2.9939400000000003,1.15,0.0927,9,0.0,0.0,0.54,0.72,115.56,115.56,115.56,120.24,200,0,22,45,32,0,0,0,0,0,0,0,1,0,0,0.132
55,20110927,2.5469999999999997,22.46,58.20708333333334,0.0,99.55,200.775,90.3156875,1.5270297352860909,26.0811,3.6124400000000003,1.1625,0.0945,9,0.0,0.0,0.54,0.54,115.56,115.56,115.56,120.24,200,0,22,45,32,0,0,0,0,0,0,0,1,0,0,0.15
56,20110928,3.239,21.901,56.01729166666666,0.0,99.557,187.09400000000002,76.2440625,2.3475892514824888,38.4258,2.17121,1.175,0.0963,9,0.0,0.0,0.0,0.54,111.24,115.56,115.56,120.24,200,0,22,45,32,0,0,0,0,0,0,0,1,0,0,0.177
57,20110929,2.887,21.111,56.06020833333334,0.0,99.603,208.61700000000002,83.0751458333,2.404865375060389,38.8963,2.14796,1.1875,0.0981,9,0.0,0.0,0.0,0.54,0.72,115.56,115.56,120.24,200,0,22,45,32,0,0,0,0,0,0,0,1,0,0,0.134
58,20110930,2.2359999999999998,19.932000000000002,57.70270833333333,0.0,99.62700000000001,203.351,82.7200833333,2.334002907971684,13.7639,1.43098,1.2000000000000002,0.0999,9,0.0,0.0,0.0,0.0,0.54,115.56,115.56,120.24,200,0,22,45,32,0,0,0,0,0,0,0,1,0,0,0.14400000000000002
59,20111001,1.6440000000000001,19.44,60.87562500000001,0.0,99.624,207.449,88.869875,2.3647261907362207,16.9953,0.866812,1.2125,0.0996375,10,0.0,0.0,0.0,0.0,0.54,115.56,115.56,120.24,200,0,22,45,32,0,0,0,0,0,0,0,1,0,0,0.13699999999999998
60,20111002,2.211,20.073,58.61770833333333,0.0,99.48100000000001,212.165,88.6679166667,2.338759972626137,20.8603,1.42365,1.225,0.099375,10,0.0,0.0,0.0,0.0,0.54,115.56,115.56,120.24,200,0,22,45,32,0,0,0,0,0,0,0,1,0,0,0.115
61,20111003,1.412,20.158,56.145,0.0,99.486,204.608,82.549375,2.485793929052709,12.8529,0.921042,1.2375,0.0991125,10,0.0,0.0,0.0,0.0,0.0,111.24,115.56,120.24,200,0,22,45,32,0,0,0,0,0,0,0,1,0,0,0.14
62,20111004,1.517,18.89,61.28395833333334,0.0,99.45700000000001,203.632,83.26,2.2807175227973486,23.8867,-0.135417,1.25,0.09885,10,0.0,0.0,0.0,0.0,0.0,0.72,115.56,119.88,200,0,22,45,32,0,0,0,0,0,0,0,1,0,0,0.122
63,20111005,1.148,18.477999999999998,65.60687499999999,0.0,99.323,203.453,82.9810416667,2.2448914467368577,27.7493,-0.260542,1.2625000000000002,0.0985875,10,0.0,0.0,0.0,0.0,0.0,0.54,115.56,115.74,200,0,22,45,32,0,0,0,0,0,0,0,1,0,0,0.13
64,20111006,1.891,18.143,80.78270833333333,0.0,99.196,193.065,85.808375,2.0467823886883174,26.3388,-0.30322899999999997,1.275,0.098325,10,0.0,0.0,0.0,0.0,0.0,0.54,115.56,115.56,200,0,22,45,32,0,0,0,0,0,0,0,1,0,0,0.121
65,20111007,4.971,18.835,70.338125,0.0,98.36,120.07799999999999,48.2917291667,1.5613122477445829,-5.2389800000000015,-1.7580799999999999,1.2875,0.0980625,10,0.0,0.0,0.0,0.0,0.0,0.54,115.56,115.56,200,0,22,45,32,0,0,0,0,0,0,0,1,0,0,0.126
66,20111008,3.323,13.702,50.261875,0.0,98.38799999999999,169.09400000000005,53.3552083333,1.7523589313290633,7.94021,-4.63375,1.3,0.0978,10,0.0,0.0,0.0,0.0,0.0,0.0,111.24,115.56,200,0,22,45,32,0,0,0,0,0,0,0,1,0,0,0.145
67,20111009,4.845,11.968,51.68041666666666,0.0,98.71799999999999,189.799,62.0673958333,1.7079552949029904,13.8945,-6.5631699999999995,1.3250000000000002,0.0968875,10,0.0,0.0,0.0,0.0,0.0,0.0,0.72,115.56,200,0,22,45,32,0,0,0,0,0,0,0,1,0,0,0.13699999999999998
68,20111010,2.773,12.595,55.01687500000001,0.0,99.446,198.243,75.751625,1.6903711651339697,31.8023,-4.37783,1.35,0.095975,10,0.0,0.0,0.0,0.0,0.0,0.0,0.54,115.56,200,0,22,45,32,0,0,0,0,0,0,0,1,0,0,0.145
69,20111011,1.834,17.852,62.146875,0.0,99.319,189.62900000000002,76.9011041667,2.0280575250240203,4.24491,0.31,1.375,0.0950625,10,0.0,0.0,0.0,0.0,0.0,0.0,0.54,115.56,200,0,22,45,32,0,0,0,0,0,0,0,1,0,0,0.146
70,20111013,2.7489999999999997,19.119,73.90229166666667,0.0,99.035,122.509,50.6426666667,1.5437718057501215,3.0510099999999998,-0.050020800000000004,1.425,0.0932375,10,0.0,0.0,0.0,0.0,0.0,0.0,0.0,115.56,200,0,22,45,32,0,0,0,0,0,0,0,1,0,0,0.138
71,20111014,6.903,16.125999999999998,50.49270833333333,0.0,99.21700000000001,189.88299999999998,63.1225,2.364092168086835,9.1114,-0.97225,1.4500000000000002,0.092325,10,0.0,0.0,0.0,0.0,0.0,0.0,0.0,115.56,200,0,22,45,32,0,0,0,0,0,0,0,1,0,0,0.134
72,20111015,6.487,12.923,47.83083333333334,0.0,99.55799999999999,189.778,57.96375,2.1294579822584807,8.69333,-3.8870199999999997,1.475,0.0914125,10,0.0,0.0,0.0,0.0,0.0,0.0,0.0,115.56,200,0,22,45,32,0,0,0,0,0,0,0,1,0,0,0.132
73,20111016,5.901,12.475,53.44687500000001,0.0,99.65,187.924,61.6819375,1.89604871289329,20.2701,-4.61298,1.5,0.0905,10,0.0,0.0,0.0,0.0,0.0,0.0,0.0,115.56,200,0,22,45,32,0,0,0,0,0,0,0,1,0,0,0.126
74,20111022,1.93,10.798,72.77666666666666,0.0,99.49,161.748,61.0439583333,1.9058353633199665,4.01245,-5.54571,1.5,0.079325,10,0.18,4.859999999999999,7.56,7.56,7.56,7.56,7.56,8.1,200,0,22,45,32,0,0,0,0,0,0,0,1,0,0,0.16
75,20111023,2.609,12.112,74.94479166666667,0.18,99.26700000000001,86.015,28.6775208333,1.5481831676107445,-20.7541,-4.73937,1.5,0.0774625,10,0.18,0.36,7.74,7.74,7.74,7.74,7.74,7.74,200,0,22,45,32,0,0,0,0,0,0,0,1,0,0,0.166
76,20111024,3.1239999999999997,13.931,72.171875,0.0,98.87299999999999,89.132,31.6878958333,1.8503487293245124,-24.6071,-3.3385800000000003,1.5,0.0756,10,0.18,0.18,5.04,7.74,7.74,7.74,7.74,7.74,200,0,22,45,32,0,0,0,0,0,0,0,1,0,0,0.20199999999999999
77,20111025,4.362,17.515,69.84520833333333,0.0,98.74,117.735,45.9992708333,2.8000467685553825,-26.5576,-0.444833,1.5125000000000002,0.07881250000000001,10,0.0,0.18,0.36,7.74,7.74,7.74,7.74,7.74,200,0,22,45,32,0,0,0,0,0,0,0,1,0,0,0.213
78,20111026,2.99,16.214000000000002,85.964375,31.32,98.87899999999999,86.786,26.3910416667,1.9137025083011765,-20.2451,0.513208,1.525,0.082025,10,31.32,31.32,31.5,36.36,39.06,39.06,39.06,39.06,200,0,22,45,32,0,0,0,0,0,0,0,1,0,0,0.27399999999999997
79,20111027,2.005,13.027000000000001,92.50208333333336,0.18,99.39200000000001,101.19200000000001,37.5483541667,1.41701015899144,-5.26337,-4.00825,1.5375,0.08523750000000001,10,31.5,31.5,31.68,31.86,39.24,39.24,39.24,39.24,200,0,22,45,32,0,0,0,0,0,0,0,1,0,0,0.281
80,20111028,3.05,13.84,88.12979166666666,0.18,99.815,109.61,38.4185416667,1.7593920101789915,-14.6824,-3.18529,1.55,0.08845,10,0.36,31.68,31.68,31.86,39.42,39.42,39.42,39.42,200,0,22,45,32,0,0,0,0,0,0,0,1,0,0,0.271
81,20111029,1.902,15.009,83.34375,0.0,99.835,147.785,53.0118958333,2.382412666867733,-16.6076,-0.792813,1.5625,0.0916625,10,0.18,0.36,31.68,31.86,36.72,39.42,39.42,39.42,200,0,22,45,32,0,0,0,0,0,0,0,1,0,0,0.22899999999999998
82,20111030,1.564,13.732000000000001,84.20645833333333,0.18,99.556,117.26299999999999,40.7586666667,1.9135452901198824,-16.3461,-2.40246,1.5750000000000002,0.094875,10,0.18,0.36,31.86,31.86,32.22,39.6,39.6,39.6,200,0,22,45,32,0,0,0,0,0,0,0,1,0,0,0.259
83,20111031,2.295,13.477,79.52416666666666,0.0,99.431,138.721,43.9091666667,2.6272983344716843,-28.4591,-2.6818299999999997,1.5875,0.0980875,10,0.18,0.18,0.54,31.86,32.04,39.6,39.6,39.6,200,0,22,45,32,0,0,0,0,0,0,0,1,0,0,0.256
84,20111101,1.8030000000000002,13.458,78.39208333333333,0.0,99.37100000000001,110.445,33.90125,1.9221855489152009,-27.0386,-3.58031,1.6,0.1013,11,0.0,0.18,0.36,31.86,32.04,39.6,39.6,39.6,200,0,22,45,32,0,0,0,0,0,0,0,1,0,0,0.248
85,20111102,1.943,13.036,79.07187499999998,0.0,99.315,145.04399999999995,46.8705208333,2.3464566273472056,-20.8479,-3.73173,1.6,0.1045375,11,0.0,0.0,0.18,0.54,31.86,39.6,39.6,39.6,200,0,22,45,32,0,0,0,0,0,0,0,1,0,0,0.245
86,20111103,2.211,13.705,81.36395833333331,0.0,99.175,98.96700000000001,32.8727916667,1.953206093658888,-27.8047,-4.21333,1.6,0.107775,11,0.0,0.0,0.18,0.36,31.86,36.9,39.6,39.6,200,0,22,45,32,0,0,0,0,0,0,0,1,0,0,0.243
87,20111109,1.85,13.89,77.26833333333333,0.0,99.485,131.125,35.035625,2.106140362575088,-22.0007,-2.07448,1.6,0.1272,11,2.88,8.280000000000001,17.46,17.46,17.46,49.32,49.68,57.06,200,0,22,45,32,0,0,0,0,0,0,0,1,0,0,0.28400000000000003
88,20111110,2.141,12.905,77.89041666666667,0.0,99.23100000000001,132.486,34.8671666667,2.007218462233862,-35.7628,-3.44254,1.6,0.12535000000000002,11,0.0,2.88,17.46,17.46,17.46,18.0,49.5,57.06,200,0,22,45,32,0,0,0,0,0,0,0,1,0,0,0.245
89,20111111,2.4659999999999997,12.224,77.80541666666666,0.0,99.46,130.137,35.8096041667,2.058953121523716,-31.8815,-5.08171,1.6,0.1235,11,0.0,0.0,8.280000000000001,17.46,17.46,17.82,49.5,57.06,200,0,22,45,32,0,0,0,0,0,0,0,1,0,0,0.218
90,20111112,4.125,11.022,69.78020833333333,0.0,100.087,130.287,13.739625,2.6392905913309725,-58.48,-5.59921,1.6,0.12165,11,0.0,0.0,2.88,17.46,17.46,17.64,49.32,57.06,200,0,22,45,32,0,0,0,0,0,0,0,1,0,0,0.266
91,20111113,3.741,9.525,62.11625,0.0,100.262,134.71200000000002,12.2008125,2.484328162004452,-47.8978,-7.654269999999999,1.6,0.1198,11,0.0,0.0,0.0,8.280000000000001,17.46,17.64,49.32,57.06,200,0,22,45,32,0,0,0,0,0,0,0,1,0,0,0.257
92,20111115,1.598,7.371,72.861875,0.0,99.329,122.54700000000001,20.8810416667,1.4648908213112029,-13.6371,-7.57256,1.6,0.1161,11,0.0,0.0,0.0,0.0,17.46,17.46,18.0,57.06,200,0,22,45,32,0,0,0,0,0,0,0,1,0,0,0.248
93,20111116,2.016,8.275,65.21708333333333,0.0,99.37299999999999,123.125,16.9477083333,1.7316830943704078,-33.0775,-6.4686,1.6,0.11425,11,0.0,0.0,0.0,0.0,8.280000000000001,17.46,17.82,57.06,200,0,22,45,32,0,0,0,0,0,0,0,1,0,0,0.191
94,20111123,3.844,12.88,75.00083333333333,0.0,99.177,81.072,11.567291666700001,1.936356206000759,-56.1279,-0.416771,1.525,0.118625,11,5.04,5.04,5.04,5.04,5.04,5.04,22.5,54.36,200,0,22,45,32,0,0,0,0,0,0,0,1,0,0,0.265
95,20111124,4.23,11.65,73.7175,0.0,99.829,111.325,12.08425,2.1147681463620516,-54.6833,-2.46435,1.5125000000000002,0.1196625,11,0.0,5.04,5.04,5.04,5.04,5.04,22.5,54.36,200,0,22,45,32,0,0,0,0,0,0,0,1,0,0,0.253
96,20111130,1.4280000000000002,8.808,79.78229166666667,0.0,100.125,100.883,25.670895833299998,1.1873807220308663,-4.98177,-4.45969,1.5,0.112075,11,0.0,0.18,0.36,0.36,5.4,5.4,5.4,22.86,200,0,22,45,32,0,0,0,0,0,0,0,1,0,0,0.23399999999999999
97,20111222,3.2710000000000004,5.188,51.72166666666666,0.0,99.573,98.353,-8.38375,0.5973144301659887,-4.22695,-8.493730000000001,1.3625,0.0964375,12,0.0,0.003,0.201,4.1610000000000005,4.7010000000000005,18.201,21.440999999999995,22.701,200,0,22,45,32,0,0,0,0,0,0,0,1,0,0,0.268
98,20120105,2.414,8.96,82.34979166666666,0.54,97.69,83.91,20.411952499999998,0.706264152210004,-4.93294,-1.9203299999999999,1.2000000000000002,0.10205,1,0.54,10.8,13.14,14.94,14.94,17.28,18.921000000000006,35.841,200,0,22,45,32,0,0,0,0,0,0,0,1,0,0,0.231
99,20120112,1.729,6.676,63.60333333333333,0.0,99.573,112.831,16.17682125,0.963148419951312,2.19631,-4.33948,1.2000000000000002,0.0988875,1,0.0,0.0,0.0,6.84,17.64,21.78,24.12,28.821,200,0,22,45,32,0,0,0,0,0,0,0,1,0,0,0.248
100,20120113,1.926,6.862,82.07687499999999,0.0,99.119,108.37299999999999,29.726846999999996,0.827137990202554,-0.41831599999999997,-2.72458,1.2000000000000002,0.09855,1,0.0,0.0,0.0,0.0,7.38,21.78,21.78,28.821,200,0,22,45,32,0,0,0,0,0,0,0,1,0,0,0.25
101,20120114,3.4130000000000003,7.063,61.23291666666668,0.0,99.204,111.165,16.3149375,1.2461935118056413,-14.7769,-3.1066700000000003,1.2000000000000002,0.0982125,1,0.0,0.0,0.0,0.0,7.38,20.16,21.78,28.281,200,0,22,45,32,0,0,0,0,0,0,0,1,0,0,0.248
102,20120115,2.0869999999999997,4.144,60.744375,0.0,99.4,107.809,8.95380770833,0.8132085234428476,-5.15985,-6.38769,1.2000000000000002,0.097875,1,0.0,0.0,0.0,0.0,6.84,19.98,21.78,25.76100000000001,200,0,22,45,32,0,0,0,0,0,0,0,1,0,0,0.242
103,20120116,3.534,3.66,55.03520833333334,0.0,99.975,77.937,6.703725208330001,0.9071645948514644,-15.8196,-6.0586699999999984,1.2000000000000002,0.0975375,1,0.0,0.0,0.0,0.0,0.0,19.98,21.78,24.321,200,0,22,45,32,0,0,0,0,0,0,0,1,0,0,0.184
104,20120117,2.535,2.835,54.12125,0.0,100.44,118.291,6.432572083330001,0.9435528337248622,-2.5672,-6.51748,1.2000000000000002,0.0972,1,0.0,0.0,0.0,0.0,0.0,17.64,21.78,24.321,200,0,22,45,32,0,0,0,0,0,0,0,1,0,0,0.242
105,20120118,1.4509999999999998,4.023,75.24395833333334,0.0,100.56299999999999,83.29700000000003,20.786270833299998,0.5872783565453059,7.30755,-4.09287,1.1875,0.0958875,1,0.0,0.0,0.0,0.0,0.0,7.38,21.78,24.123,200,0,22,45,32,0,0,0,0,0,0,0,1,0,0,0.222
106,20120119,2.344,5.899,81.37958333333334,0.18,99.25200000000001,73.808,28.155960208299998,0.5791882788105549,-1.62222,-3.3653800000000005,1.175,0.094575,1,0.18,0.18,0.18,0.18,0.18,7.56,20.34,24.3,200,0,22,45,32,0,0,0,0,0,0,0,1,0,0,0.242
107,20120120,2.235,10.783,82.33479166666666,0.0,98.992,98.21,28.6123385417,0.6350412035342288,3.52345,3.792,1.1625,0.0932625,1,0.18,0.18,0.18,0.18,0.18,7.02,20.16,24.3,200,0,22,45,32,0,0,0,0,0,0,0,1,0,0,0.242
108,20120121,1.766,8.38,81.30770833333334,0.18,98.85799999999999,115.40899999999999,35.0708979167,0.7950129899956428,1.47154,-0.85575,1.15,0.09195,1,0.18,0.36,0.36,0.36,0.36,0.36,20.34,24.48,200,0,22,45,32,0,0,0,0,0,0,0,1,0,0,0.242
109,20120127,2.457,4.356,56.89854166666667,0.0,99.64200000000001,121.852,25.1724164583,0.6718594917086972,11.48,-6.14585,1.1,0.070675,1,0.0,0.0,0.0,0.18,0.36,0.36,0.36,22.14,200,0,22,45,32,0,0,0,0,0,0,0,1,0,0,0.22899999999999998
110,20120128,2.17,4.445,67.48145833333334,0.0,99.065,105.845,23.2846979167,0.6189130368896277,3.17198,-4.44377,1.1,0.06266250000000001,1,0.0,0.0,0.0,0.0,0.36,0.36,0.36,22.14,200,0,22,45,32,0,0,0,0,0,0,0,1,0,0,0.226
111,20120129,4.4430000000000005,6.5520000000000005,57.35689375000001,0.0,99.046,41.43600000000001,20.260834125,0.7704484594342904,-6.7382,-2.4005,1.1,0.05465,1,0.0,0.0,0.0,0.0,0.18,0.36,0.36,20.52,200,0,22,45,32,0,0,0,0,0,0,0,1,0,0,0.206
112,20120131,2.819,4.842,66.15896666666667,2.52,97.946,44.18600000000001,15.351063125,0.4691628387691234,-7.46214,-3.1832700000000003,1.1,0.038625,1,2.52,2.52,2.52,2.52,2.52,2.8800000000000003,2.8800000000000003,22.86000000000001,200,0,22,45,32,0,0,0,0,0,0,0,1,0,0,0.22
113,20120207,8.142999999999999,0.083,65.13604166666667,0.0,98.844,102.38,-4.16285666667,1.960960824241495,6.0955900000000005,-5.5744,1.1625,0.01735,2,0.0,0.17600000000000002,24.843000000000004,46.652,49.172,49.172,49.532,49.532,200,0,22,45,32,0,0,0,0,0,0,0,1,0,0,0.262
114,20120209,4.273,2.427,50.85395833333333,0.0,98.75200000000001,151.861,-4.47431166667,1.5411409870183683,1.74955,-4.44338,1.1875,0.01525,2,0.34700000000000003,0.34700000000000003,0.523,25.19,49.519,49.519,49.699,49.879,200,0,22,45,32,0,0,0,0,0,0,0,1,0,0,0.25
115,20120213,4.641,-0.05,65.20200833333332,0.0,99.56200000000001,165.852,-33.5175753958,0.3652922531472008,-38.9939,-4.93085,1.2375,0.0484375,2,0.67,6.86,10.964,11.311,17.011,60.483,60.483000000000004,60.843,200,0,22,45,32,0,0,0,0,0,0,0,1,0,0,0.252
116,20120214,4.677,-0.325,61.73333333333334,0.0,99.40799999999999,170.39700000000005,-33.9679827083,0.6358428808084229,-45.8475,-4.931019999999998,1.25,0.05985,2,0.0,0.67,10.964,11.311,11.487,60.483,60.483000000000004,60.843,200,0,22,45,32,0,0,0,0,0,0,0,1,0,0,0.25
117,20120215,2.387,0.914,69.92729166666666,0.18,99.531,114.70200000000001,-14.425847833299999,0.4505862603782025,-13.4831,-4.96185,1.2625000000000002,0.0712625,2,0.18,0.18,7.040000000000001,11.144000000000002,11.491,58.143,60.663,61.023,200,0,22,45,32,0,0,0,0,0,0,0,1,0,0,0.249
118,20120216,2.8819999999999997,4.224,66.489375,0.0,99.727,166.138,-2.64223333333,0.8611202927665805,-17.7735,-4.9286900000000005,1.275,0.082675,2,0.18,0.18,0.8500000000000001,11.144000000000002,11.491,37.44300000000001,60.663,61.023,200,0,22,45,32,0,0,0,0,0,0,0,1,0,0,0.256
119,20120217,1.9380000000000002,4.918,61.03541666666666,0.0,99.383,166.609,0.519720833333,1.324955789679816,0.284403,-4.73154,1.2875,0.0940875,2,0.0,0.18,0.18,7.040000000000001,11.491,36.334,60.663,61.023,200,0,22,45,32,0,0,0,0,0,0,0,1,0,0,0.253
120,20120218,1.383,6.492999999999999,82.5675375,0.18,99.61,140.623,27.4327039583,0.8461742706432438,7.4599699999999975,0.0005,1.3,0.1055,2,0.18,0.18,0.36,1.03,11.324000000000002,17.371000000000002,60.84300000000001,61.02300000000001,200,0,22,45,32,0,0,0,0,0,0,0,1,0,0,0.247
121,20120219,2.995,9.011000000000001,82.32479166666666,1.44,99.885,87.897,41.626554041700004,1.0646817834782751,-2.58751,4.05815,1.3125,0.109575,2,1.62,1.62,1.7999999999999998,1.7999999999999998,12.764000000000001,13.287,62.28300000000001,62.46300000000001,200,0,22,45,32,0,0,0,0,0,0,0,1,0,0,0.247
122,20120221,5.2570000000000014,8.094,70.74208333333333,0.36,98.681,175.98,70.955406875,2.006490941722825,8.9204,3.40475,1.3375,0.117725,2,11.34,12.78,12.96,13.14,13.81,24.451,50.403,73.62299999999998,200,0,22,45,32,0,0,0,0,0,0,0,1,0,0,0.218
123,20120222,6.289,7.9529999999999985,63.59333333333333,0.0,99.488,176.968,59.2353891667,2.001456976794956,2.3338900000000002,-0.00929167,1.35,0.1218,2,0.36,11.34,12.96,12.96,13.14,24.451,49.294,73.62299999999998,200,0,22,45,32,0,0,0,0,0,0,0,1,0,0,0.266
124,20120223,3.888,9.096,59.04291666666666,0.0,99.60799999999999,179.41299999999995,59.69791,1.7666935405335693,2.07418,1.5520200000000002,1.3625,0.125875,2,0.0,0.36,12.78,12.96,13.14,24.104,30.151,73.62299999999998,200,0,22,45,32,0,0,0,0,0,0,0,1,0,0,0.257
125,20120224,1.86,9.187000000000001,61.01354166666666,0.0,99.338,180.245,67.098175,1.8039526575858484,14.7644,1.38221,1.375,0.12995,2,0.0,0.0,11.34,12.96,13.14,24.104,24.627,73.62299999999998,200,0,22,45,32,0,0,0,0,0,0,0,1,0,0,0.25
126,20120225,1.929,9.163,70.37131458333333,0.0,99.69200000000001,185.44099999999997,74.0490402083,1.8714057065839784,18.2476,2.12233,1.3875000000000002,0.134025,2,0.0,0.0,0.36,12.78,12.96,20.0,24.451,73.62299999999998,200,0,22,45,32,0,0,0,0,0,0,0,1,0,0,0.244
127,20120226,3.545,7.8370000000000015,77.00208333333335,0.18,99.94200000000001,113.557,43.0755929167,1.2953699680890385,-3.68716,-0.353646,1.4,0.1381,2,0.18,0.18,0.18,11.52,13.14,13.989999999999998,24.631,73.803,200,0,22,45,32,0,0,0,0,0,0,0,1,0,0,0.24100000000000002
128,20120227,4.001,7.1,54.53083333333333,0.0,99.742,196.551,65.3559166667,1.5122356436704172,25.171999999999997,-1.5675,1.4125,0.142375,2,0.18,0.18,0.18,0.54,13.14,13.32,24.631,73.803,200,0,22,45,32,0,0,0,0,0,0,0,1,0,0,0.238
129,20120228,1.8769999999999998,7.0020000000000024,64.74499999999999,0.0,99.24,174.605,65.6493922917,1.4751253607314985,25.2011,-0.764875,1.425,0.14665,2,0.0,0.18,0.18,0.18,12.96,13.32,24.284000000000002,73.803,200,0,22,45,32,0,0,0,0,0,0,0,1,0,0,0.233
130,20120229,2.334,9.224,77.28500000000003,0.0,98.785,179.27900000000002,79.8487127083,1.4836675997431492,30.3501,1.8255,1.4375,0.150925,2,0.0,0.0,0.18,0.18,11.52,13.32,24.284000000000002,73.803,200,0,22,45,32,0,0,0,0,0,0,0,1,0,0,0.22899999999999998
131,20120301,2.408,14.716,55.924375,0.0,99.12100000000001,194.602,75.9445,2.1362200868282817,7.45273,1.8655400000000002,1.4500000000000002,0.1552,3,0.0,0.0,0.18,0.18,0.54,13.14,20.18,71.283,200,0,22,45,32,0,0,0,0,0,0,0,1,0,0,0.223
132,20120302,1.8359999999999999,11.292,72.04166666666667,0.0,99.44,193.81599999999997,80.1822666667,2.3613890836448266,27.7924,2.13456,1.4625,0.159475,3,0.0,0.0,0.0,0.18,0.18,13.14,13.989999999999998,50.58300000000001,200,0,22,45,32,0,0,0,0,0,0,0,1,0,0,0.132
133,20120304,2.269,9.479,82.51916666666666,0.18,99.94200000000001,186.71900000000002,87.4806272917,1.9030052199832488,28.8807,0.0116667,1.4875,0.168025,3,0.36,0.36,0.36,0.36,0.54,13.32,13.68,30.691,200,0,22,45,32,0,0,0,0,0,0,0,1,0,0,0.21
134,20120306,4.519,8.59,72.06458333333335,0.54,99.09,114.04299999999999,43.9691279167,1.9734869275669948,-3.2804599999999997,-1.25898,1.5125000000000002,0.1758625,3,0.54,0.72,0.8999999999999999,0.8999999999999999,1.0799999999999998,1.44,14.04,25.531,200,0,22,45,32,0,0,0,0,0,0,0,1,0,0,0.22399999999999998
135,20120307,3.443,8.904,61.59291666666667,0.0,99.413,201.96900000000002,78.6549858333,1.7531664640981208,29.2586,-0.903667,1.525,0.179425,3,0.54,0.54,0.8999999999999999,0.8999999999999999,0.8999999999999999,1.0799999999999998,14.04,25.531,200,0,22,45,32,0,0,0,0,0,0,0,1,0,0,0.22
136,20120308,2.697,8.927999999999997,56.51229166666667,0.0,99.68299999999999,210.792,77.4338314583,1.8797686970308831,23.8117,-1.14873,1.5375,0.1829875,3,0.0,0.54,0.72,0.8999999999999999,0.8999999999999999,1.0799999999999998,14.04,25.531,200,0,22,45,32,0,0,0,0,0,0,0,1,0,0,0.134
137,20120309,5.737,10.067,46.09500000000001,0.0,99.963,208.56599999999997,72.2026477083,1.978967071914288,8.98374,-2.10312,1.55,0.18655,3,0.0,0.0,0.54,0.8999999999999999,0.8999999999999999,1.0799999999999998,13.86,25.184,200,0,22,45,32,0,0,0,0,0,0,0,1,0,0,0.206
138,20120310,7.162999999999999,9.765,45.27083333333334,0.0,100.185,222.65900000000002,79.03492,2.175745321101408,31.0871,-3.0579400000000003,1.5625,0.1901125,3,0.0,0.0,0.54,0.72,0.8999999999999999,1.0799999999999998,12.42,25.184,200,0,22,45,32,0,0,0,0,0,0,0,1,0,0,0.206
139,20120311,6.45,10.405,41.49625,0.0,100.319,220.361,79.0219083333,2.013757858692673,26.5367,-2.39662,1.5750000000000002,0.193675,3,0.0,0.0,0.0,0.54,0.8999999999999999,1.0799999999999998,1.44,21.08,200,0,22,45,32,0,0,0,0,0,0,0,1,0,0,0.185
140,20120312,3.052,10.533,50.41145833333334,0.0,100.11200000000001,177.622,65.45564,1.7493069426252852,19.1641,-0.186573,1.5875,0.1972375,3,0.0,0.0,0.0,0.54,0.8999999999999999,0.8999999999999999,1.0799999999999998,14.89,200,0,22,45,32,0,0,0,0,0,0,0,1,0,0,0.193
141,20120313,3.725,12.335,46.56875,0.0,99.765,225.59099999999998,89.1342975,2.1594317114726422,26.8875,-0.711188,1.6,0.2008,3,0.0,0.0,0.0,0.0,0.72,0.8999999999999999,1.0799999999999998,14.22,200,0,22,45,32,0,0,0,0,0,0,0,1,0,0,0.165
142,20120314,3.199,11.128,62.48749999999999,0.0,100.052,224.233,90.90725270829999,2.1536267413420163,21.57,0.076875,1.6,0.2023625,3,0.0,0.0,0.0,0.0,0.54,0.8999999999999999,1.0799999999999998,14.22,200,0,22,45,32,0,0,0,0,0,0,0,1,0,0,0.15
143,20120315,2.05,10.267000000000001,74.21020833333334,0.0,100.42299999999999,226.17,101.08373143799999,2.2773578521484716,33.7514,2.18377,1.6,0.203925,3,0.0,0.0,0.0,0.0,0.54,0.8999999999999999,1.0799999999999998,14.22,200,0,22,45,32,0,0,0,0,0,0,0,1,0,0,0.163
144,20120316,1.855,10.419,74.64595000000001,0.0,100.37899999999999,226.27700000000002,101.722101875,2.400924035696469,30.8857,1.94471,1.6,0.2054875,3,0.0,0.0,0.0,0.0,0.0,0.8999999999999999,1.0799999999999998,14.04,200,0,22,45,32,0,0,0,0,0,0,0,1,0,0,0.154
145,20120318,5.127999999999999,14.105,71.515,0.0,99.883,173.25900000000001,83.2787597917,2.4416919982219043,16.4677,1.3376700000000001,1.6,0.2086125,3,0.0,0.0,0.0,0.0,0.0,0.72,0.8999999999999999,14.04,200,0,22,45,32,0,0,0,0,0,0,0,1,0,0,0.149
146,20120319,3.545,13.091,82.88333333333333,0.0,99.56700000000001,90.51299999999999,33.885193125,0.912553060039308,-11.628,0.410958,1.6,0.210175,3,0.0,0.0,0.0,0.0,0.0,0.54,0.8999999999999999,13.86,200,0,22,45,32,0,0,0,0,0,0,0,1,0,0,0.13699999999999998
147,20120320,1.56,13.01,78.5925,0.0,99.654,193.69400000000002,88.0045404167,2.083313967147535,26.6438,2.1223099999999997,1.6,0.2117375,3,0.0,0.0,0.0,0.0,0.0,0.54,0.8999999999999999,12.42,200,0,22,45,32,0,0,0,0,0,0,0,1,0,0,0.16399999999999998
148,20120321,1.754,13.382,61.05041666666667,0.0,99.833,188.821,85.3693216667,2.3167931368175343,19.3217,0.810292,1.6,0.2133,3,0.0,0.0,0.0,0.0,0.0,0.0,0.8999999999999999,1.44,200,0,22,45,32,0,0,0,0,0,0,0,1,0,0,0.11699999999999999
149,20120322,2.069,13.3,52.05916666666666,0.0,99.825,214.08,89.098399375,3.1530055552427227,24.323,1.08785,1.6,0.2167625,3,0.0,0.0,0.0,0.0,0.0,0.0,0.8999999999999999,1.0799999999999998,200,0,22,45,32,0,0,0,0,0,0,0,1,0,0,0.147
150,20120323,2.191,12.530999999999999,54.20083333333333,0.0,99.65,182.915,77.72978125,2.57008974932708,16.5262,-0.00558333,1.6,0.220225,3,0.0,0.0,0.0,0.0,0.0,0.0,0.72,1.0799999999999998,200,0,22,45,32,0,0,0,0,0,0,0,1,0,0,0.15
151,20120324,2.67,13.825,54.77375000000001,0.0,99.098,176.64,78.0236114167,2.044203892637294,11.8406,-0.379271,1.6,0.2236875,3,0.0,0.0,0.0,0.0,0.0,0.0,0.54,1.0799999999999998,200,0,22,45,32,0,0,0,0,0,0,0,1,0,0,0.14800000000000002
152,20120326,3.95,16.521,43.06354166666667,0.0,98.277,238.305,102.256610417,3.4872369441941697,-7.76178,0.459687,1.6,0.2306125,3,2.16,2.16,2.16,2.16,2.16,2.16,2.16,3.2400000000000007,200,0,22,45,32,0,0,0,0,0,0,0,1,0,0,0.151
153,20120328,2.925,13.616,43.20555625,0.0,98.565,253.72099999999998,109.752766667,2.869038837505275,27.3115,1.29119,1.6,0.2375375,3,0.0,0.0,2.16,2.16,2.16,2.16,2.16,3.0600000000000005,200,0,22,45,32,0,0,0,0,0,0,0,1,0,0,0.141
154,20120329,2.109,12.283,49.0580875,0.0,98.396,255.96,113.12584583299999,3.0576025686687083,41.6486,2.9950799999999997,1.6,0.24100000000000002,3,0.0,0.0,2.16,2.16,2.16,2.16,2.16,3.0600000000000005,200,0,22,45,32,0,0,0,0,0,0,0,1,0,0,0.14400000000000002
155,20120330,2.07,11.767999999999999,40.91350416666667,0.0,98.227,250.68900000000002,115.109406458,2.999274886588373,43.9964,2.52283,1.6125,0.2386875,3,0.0,0.0,0.0,2.16,2.16,2.16,2.16,3.0600000000000005,200,0,22,45,32,0,0,0,0,0,0,0,1,0,0,0.152
156,20120401,1.8019999999999998,12.136,78.77708333333331,0.0,98.204,184.801,83.161534375,1.5337968786555567,30.428,0.865979,1.6375000000000002,0.2340625,4,0.0,0.0,0.0,0.0,2.16,2.16,2.16,3.0600000000000005,200,0,22,45,32,0,0,0,0,0,0,0,1,0,0,0.145
157,20120402,2.685,14.190999999999999,75.45041666666667,2.16,98.59,200.59,105.465066875,2.3479223753746363,30.7441,3.03158,1.65,0.23175,4,2.16,2.16,2.16,2.16,4.32,4.32,4.32,5.04,200,0,22,45,32,0,0,0,0,0,0,0,1,0,0,0.14400000000000002
158,20120404,2.349,14.854000000000001,62.73832354166667,0.0,98.265,236.358,119.72133425,2.8480322521780126,43.1621,4.36165,1.675,0.227125,4,0.18,2.3400000000000003,2.3400000000000003,2.3400000000000003,2.3400000000000003,4.5,4.5,5.04,200,0,22,45,32,0,0,0,0,0,0,0,1,0,0,0.147
159,20120408,3.5869999999999997,9.937999999999999,69.344225,1.08,97.633,171.294,78.61405446810001,2.668482709344865,24.774,-3.49725,1.7000000000000002,0.2327,4,6.3,6.3,6.3,8.64,8.64,10.8,10.8,10.8,200,0,22,45,32,0,0,0,0,0,0,0,1,0,0,0.17400000000000002
160,20120409,4.375,7.9510000000000005,53.82541666666666,0.0,98.469,279.074,120.46572770799999,2.493184820255548,56.3586,-5.320209999999999,1.7000000000000002,0.2378,4,1.08,6.3,6.3,6.48,8.64,8.64,10.8,10.8,200,0,22,45,32,0,0,0,0,0,0,0,1,0,0,0.168
161,20120410,2.4859999999999998,10.068999999999999,70.22833333333334,0.0,98.55799999999999,264.316,136.55036875,2.5537853170104152,59.5821,1.59931,1.7000000000000002,0.2429,4,0.0,1.08,6.3,6.3,8.64,8.64,10.8,10.8,200,0,22,45,32,0,0,0,0,0,0,0,1,0,0,0.162
162,20120411,5.007,11.695,80.265625,3.6,97.831,119.682,53.0863441667,1.9900969502741164,6.66327,-2.79765,1.7000000000000002,0.248,4,3.6,3.6,9.9,9.9,12.239999999999998,12.239999999999998,14.4,14.4,200,0,22,45,32,0,0,0,0,0,0,0,1,0,0,0.153
163,20120412,2.76,11.165,73.69625,0.0,98.071,259.818,133.71274583299999,2.9916668504451893,47.3067,0.162938,1.7000000000000002,0.2531,4,3.6,3.6,4.68,9.9,10.079999999999998,12.239999999999998,14.4,14.4,200,0,22,45,32,0,0,0,0,0,0,0,1,0,0,0.21899999999999997
164,20120414,2.009,10.355,91.32708333333332,12.78,96.777,68.615,33.629337625,0.9370970345232792,4.90926,-2.12206,1.7000000000000002,0.26330000000000003,4,18.36,18.36,21.96,23.04,28.26,30.6,30.6,32.76,200,0,22,45,32,0,0,0,0,0,0,0,1,0,0,0.24
165,20120415,2.662,11.494000000000002,80.04520833333333,2.34,97.365,195.886,114.65602583299999,3.0216773956665297,27.869,1.89552,1.7000000000000002,0.27163750000000003,4,15.12,20.7,24.3,24.3,30.6,32.94,32.94,35.099999999999994,200,0,22,45,32,0,0,0,0,0,0,0,1,0,0,0.242
166,20120416,2.3209999999999997,11.747,75.79666666666667,0.18,97.656,258.934,137.36384125,3.3466444992198543,44.7462,2.02475,1.7000000000000002,0.27997500000000003,4,2.52,15.3,20.88,24.48,30.78,33.120000000000005,33.120000000000005,35.28,200,0,22,45,32,0,0,0,0,0,0,0,1,0,0,0.18600000000000005
167,20120417,3.41,12.385,66.26958333333333,0.0,97.89200000000001,230.833,111.214626667,2.9472303161978726,31.3643,0.242583,1.7000000000000002,0.2883125,4,0.18,2.52,20.88,24.48,25.56,30.96,33.120000000000005,35.28,200,0,22,45,32,0,0,0,0,0,0,0,1,0,0,0.157
168,20120418,3.089,11.196,76.30208333333333,2.52,97.617,230.50400000000002,128.440135625,3.280035684993672,34.2483,2.0143299999999997,1.7000000000000002,0.29665,4,2.52,2.7,17.82,23.4,27.0,33.3,35.64,37.8,200,0,22,45,32,0,0,0,0,0,0,0,1,0,0,0.208
169,20120419,3.4330000000000003,11.99,77.92770833333334,3.78,97.406,223.39700000000002,123.75551625,3.422316921737265,27.7756,-0.396917,1.7000000000000002,0.3049875,4,6.3,6.3,8.82,27.18,30.78,37.08,39.42,41.58,200,0,22,45,32,0,0,0,0,0,0,0,1,0,0,0.24100000000000002
170,20120420,2.872,10.864,82.08708333333333,13.68,97.602,184.765,79.9137441667,2.6868812150896555,18.5293,-2.5666,1.7000000000000002,0.313325,4,17.46,19.98,20.16,35.28,44.46,50.76,53.1,55.25999999999999,200,0,22,45,32,0,0,0,0,0,0,0,1,0,0,0.24
171,20120421,3.6910000000000003,13.755999999999998,77.44083333333333,1.8,98.50399999999999,292.784,158.253934375,4.104160435744488,37.2627,3.78517,1.7000000000000002,0.3216625,4,15.48,19.26,21.78,24.3,42.66,52.56,54.89999999999999,57.05999999999999,200,0,22,45,32,0,0,0,0,0,0,0,1,0,0,0.16399999999999998
172,20120422,4.77,14.636,81.1375,0.0,98.671,145.231,73.7950833333,2.6651457453259035,-3.82378,0.300792,1.7000000000000002,0.33,4,1.8,15.48,21.78,21.96,42.66,47.34,52.74,57.05999999999999,200,0,22,45,32,0,0,0,0,0,0,0,1,0,0,0.17
173,20120423,3.3739999999999997,14.218,73.77625,0.0,98.531,265.295,133.790773333,3.9330636433391852,13.7571,6.14663,1.6875,0.32961250000000003,4,0.0,1.8,19.26,21.78,37.08,46.26,52.56,57.05999999999999,200,0,22,45,32,0,0,0,0,0,0,0,1,0,0,0.217
174,20120424,4.9430000000000005,12.425,85.36874999999998,2.52,98.19200000000001,106.677,45.4705918125,2.1978144931331665,-12.7451,-5.25335,1.675,0.329225,4,2.52,2.52,18.0,24.3,26.82,48.78,55.08,57.42,200,0,22,45,32,0,0,0,0,0,0,0,1,0,0,0.182
175,20120425,2.492,12.102,76.07770833333333,0.0,98.898,305.8,154.500478085,4.171663102590437,39.1508,5.44227,1.6625,0.3288375,4,2.52,2.52,4.32,21.78,24.48,48.78,55.08,57.42,200,0,22,45,32,0,0,0,0,0,0,0,1,0,0,0.253
176,20120426,2.346,13.696,72.27895833333334,0.0,99.369,307.64599999999996,170.18043500000005,4.336140900918473,29.7478,5.52233,1.65,0.32845,4,0.0,2.52,2.52,18.0,24.3,45.18,55.08,57.42,200,0,22,45,32,0,0,0,0,0,0,0,1,0,0,0.207
177,20120427,2.0869999999999997,17.031,69.70020833333334,0.0,99.363,305.37,166.45613625,4.4144629775847415,30.951,11.6443,1.6375000000000002,0.32806250000000003,4,0.0,0.0,2.52,4.32,24.3,45.18,49.86,57.42,200,0,22,45,32,0,0,0,0,0,0,0,1,0,0,0.16399999999999998
178,20120428,1.625,18.585,73.89583333333333,0.0,99.117,283.253,157.372283125,4.146504480917402,31.3159,12.9831,1.625,0.327675,4,0.0,0.0,2.52,2.52,21.78,39.6,48.78,57.42,200,0,22,45,32,0,0,0,0,0,0,0,1,0,0,0.16
179,20120429,1.936,16.993,73.465,0.18,99.225,109.65100000000001,51.25804,1.8813478289877736,-6.7328100000000015,-1.5025600000000001,1.6125,0.3272875,4,0.18,0.18,0.18,2.7,18.18,27.0,48.96,57.6,200,0,22,45,32,0,0,0,0,0,0,0,1,0,0,0.182
180,20120430,1.743,16.319000000000006,76.24083333333333,0.0,99.079,143.623,71.0439379167,1.861462552611472,3.99356,0.34860399999999997,1.6,0.3269,4,0.18,0.18,0.18,2.7,4.5,24.66,48.96,57.6,200,0,22,45,32,0,0,0,0,0,0,0,1,0,0,0.16399999999999998
181,20120501,2.366,15.258,86.74667291666668,3.42,99.029,155.89600000000004,87.4398126042,1.653086894241049,27.3099,1.55085,1.5875,0.3278625,5,3.42,3.6,3.6,3.6,6.12,27.9,48.78,61.02,200,0,22,45,32,0,0,0,0,0,0,0,1,0,0,0.147
182,20120503,2.063,13.96,67.85041666666667,0.0,98.723,329.57,177.093818542,2.4649752151959197,107.089,6.2807699999999995,1.5625,0.3297875,5,0.18,3.6,3.78,3.78,6.3000000000000025,25.56,43.38,58.86,200,0,22,45,32,0,0,0,0,0,0,0,1,0,0,0.16899999999999998
183,20120504,2.138,12.737,72.41604166666667,0.0,98.646,331.421,180.09851875,2.712818743372956,97.4133,5.30494,1.55,0.33075,5,0.0,0.18,3.6,3.78,3.78,21.78,30.6,58.86,200,0,22,45,32,0,0,0,0,0,0,0,1,0,0,0.156
184,20120505,2.6839999999999997,13.895,77.854375,0.0,98.723,268.137,146.13293354200002,2.2532505162958865,85.2096,1.9446299999999999,1.5375,0.3317125,5,0.0,0.0,3.6,3.78,3.78,8.100000000000001,28.26,58.86,200,0,22,45,32,0,0,0,0,0,0,0,1,0,0,0.124
185,20120506,4.756,14.918,88.645625,16.02,98.775,71.452,34.8454241667,1.3684369567091377,-6.01918,-6.1549,1.525,0.332675,5,16.02,16.02,16.2,19.62,19.8,22.32,44.1,74.88,200,0,22,45,32,0,0,0,0,0,0,0,1,0,0,0.14
186,20120509,2.0140000000000002,16.904,72.22958333333334,0.0,99.427,283.884,159.902944583,2.9517694091677584,62.4214,7.90373,1.4875,0.320675,5,0.18,3.24,19.26,19.26,22.86,23.04,41.04,71.82,200,0,22,45,32,0,0,0,0,0,0,0,1,0,0,0.156
187,20120510,2.365,18.6,68.06020833333334,0.0,99.65799999999999,327.95099999999996,185.97381625,2.652149917057492,89.3713,10.8225,1.475,0.30675,5,0.0,0.18,19.26,19.26,22.86,23.04,27.36,71.82,200,0,22,45,32,0,0,0,0,0,0,0,1,0,0,0.155
188,20120511,2.5469999999999997,19.692,64.12708333333335,0.0,99.73100000000001,330.80699999999996,183.007970625,2.756324616033304,95.52799999999999,9.21413,1.4625,0.292825,5,0.0,0.0,3.24,19.26,19.44,23.04,25.56,68.22,200,0,22,45,32,0,0,0,0,0,0,0,1,0,0,0.161
189,20120512,2.021,19.614,73.33854166666667,0.0,99.375,325.031,184.32657291700002,2.9531612774199587,83.1226,12.7918,1.4500000000000002,0.27890000000000004,5,0.0,0.0,0.18,19.26,19.26,23.04,25.56,68.22,200,0,22,45,32,0,0,0,0,0,0,0,1,0,0,0.12300000000000001
190,20120513,3.675,16.905,78.351875,0.36,98.64,246.77200000000002,146.318671042,2.0729100602509787,93.9364,3.84,1.4375,0.264975,5,0.36,0.36,0.36,3.6,19.62,23.4,25.92,63.0,200,0,22,45,32,0,0,0,0,0,0,0,1,0,0,0.16699999999999998
191,20120514,6.221,12.163,60.68625,0.0,98.51,291.228,141.8790625,1.4447749805882726,127.34200000000001,-10.0114,1.425,0.25105,5,0.36,0.36,0.36,0.54,19.62,23.22,23.4,50.22,200,0,22,45,32,0,0,0,0,0,0,0,1,0,0,0.16399999999999998
192,20120515,2.8539999999999996,13.15,67.383125,0.0,98.565,334.218,173.881583125,1.8708096310222493,118.323,3.46129,1.4125,0.237125,5,0.0,0.36,0.36,0.36,19.62,23.22,23.4,47.88,200,0,22,45,32,0,0,0,0,0,0,0,1,0,0,0.173
193,20120516,3.4530000000000003,13.873,66.640625,0.0,98.46,214.313,97.6935035417,1.3237813034860524,66.7449,-0.490313,1.4,0.2232,5,0.0,0.0,0.36,0.36,3.6,19.8,23.4,47.7,200,0,22,45,32,0,0,0,0,0,0,0,1,0,0,0.154
194,20120517,3.5980000000000003,12.954,52.483125,0.18,99.04,353.36199999999997,173.600303333,1.363740548522147,133.865,-0.113854,1.3875000000000002,0.2223875,5,0.18,0.18,0.54,0.54,0.72,19.8,23.58,47.88,200,0,22,45,32,0,0,0,0,0,0,0,1,0,0,0.14200000000000002
195,20120524,3.8310000000000004,20.417,69.38442708333334,0.18,98.87299999999999,322.02,193.936148333,4.289953077439004,67.2504,8.34379,1.3,0.2167,5,0.18,17.46,30.24,30.24,30.42,30.78,50.040000000000006,53.82000000000001,200,0,22,45,32,0,0,0,0,0,0,0,1,0,0,0.173
196,20120525,3.889,20.68,57.660833333333336,0.0,98.85600000000001,325.726,191.87116979200002,3.6310732437574975,79.6083,8.577580000000001,1.2875,0.2128125,5,0.18,0.18,26.64,30.24,30.42,30.78,50.040000000000006,53.82000000000001,200,0,22,45,32,0,0,0,0,0,0,0,1,0,0,0.147
197,20120526,2.187,17.217,74.58770833333334,0.0,98.93799999999999,261.595,146.994118125,2.8595210586147286,67.7717,6.94885,1.275,0.208925,5,0.0,0.18,17.46,30.24,30.42,30.78,34.02,53.82000000000001,200,0,22,45,32,0,0,0,0,0,0,0,1,0,0,0.165
198,20120527,2.622,16.784000000000002,65.2475,0.0,99.023,332.6140000000001,192.55475770799998,2.9053382956607425,91.5986,5.56917,1.2625000000000002,0.2050375,5,0.0,0.0,0.18,26.64,30.24,30.78,30.96,53.82000000000001,200,0,22,45,32,0,0,0,0,0,0,0,1,0,0,0.149
199,20120528,1.329,14.068,88.82854166666668,5.4,98.9,136.717,60.7949552708,1.848192934536501,23.6015,-7.758269999999999,1.25,0.20115,5,5.4,5.4,5.58,22.86,35.64,35.82,36.18,59.22,200,0,22,45,32,0,0,0,0,0,0,0,1,0,0,0.129
200,20120530,2.073,17.997,76.19608541666666,0.0,99.19200000000001,338.329,203.280667083,3.0144207343992204,102.414,12.2326,1.225,0.193375,5,0.0,5.4,5.4,5.58,32.04,35.82,36.18,59.04,200,0,22,45,32,0,0,0,0,0,0,0,1,0,0,0.138
201,20120531,2.097,18.269000000000002,79.11336250000002,0.0,99.329,317.223,187.779302292,2.3900142535371818,111.855,11.2797,1.2125,0.1894875,5,0.0,0.0,5.4,5.4,22.86,35.82,36.18,55.62,200,0,22,45,32,0,0,0,0,0,0,0,1,0,0,0.145
202,20120601,2.41,18.064,84.43747083333334,0.0,99.098,219.358,135.2576125,1.5768110113757992,80.6198,4.81885,1.2000000000000002,0.1856,6,0.0,0.0,5.4,5.4,5.58,35.64,36.18,55.44,200,0,22,45,32,0,0,0,0,0,0,0,1,0,0,0.179
203,20120602,2.637,19.651,74.68666666666667,0.0,99.12299999999999,337.885,199.127320833,2.065924623569317,117.789,11.8319,1.1875,0.1827625,6,0.0,0.0,0.0,5.4,5.58,35.64,35.82,55.44,200,0,22,45,32,0,0,0,0,0,0,0,1,0,0,0.17400000000000002
204,20120603,3.1919999999999997,19.082,59.72208333333334,0.0,99.102,348.47900000000016,193.708888542,2.3731867049716477,117.705,8.78567,1.175,0.179925,6,0.0,0.0,0.0,5.4,5.4,35.64,35.82,55.44,200,0,22,45,32,0,0,0,0,0,0,0,1,0,0,0.157
205,20120604,3.1839999999999997,17.529,79.08437500000002,3.6,98.494,148.192,73.589649375,2.052754316431262,33.5845,-4.93156,1.1625,0.1770875,6,3.6,3.6,3.6,3.6,9.0,35.64,39.42,59.040000000000006,200,0,22,45,32,0,0,0,0,0,0,0,1,0,0,0.171
206,20120605,1.8159999999999998,18.0,74.03354166666666,0.0,98.619,310.851,182.39232791700002,2.5682705364337046,89.335,8.51098,1.15,0.17425000000000002,6,3.6,3.6,3.6,3.6,9.0,26.46,39.42,43.02,200,0,22,45,32,0,0,0,0,0,0,0,1,0,0,0.158
207,20120606,2.504,18.439,75.83875,0.0,98.89399999999999,326.084,189.921484729,2.1900010184832626,117.98200000000001,9.67873,1.1375,0.1714125,6,0.0,3.6,3.6,3.6,9.0,9.18,39.24,39.96,200,0,22,45,32,0,0,0,0,0,0,0,1,0,0,0.154
208,20120607,2.122,19.094,70.06770833333333,0.0,98.902,346.721,201.841984833,2.2262099638919235,123.99,11.0879,1.125,0.168575,6,0.0,0.0,3.6,3.6,3.6,9.18,39.24,39.78,200,0,22,45,32,0,0,0,0,0,0,0,1,0,0,0.13
209,20120608,3.575,22.397,51.35854166666667,0.0,98.771,317.117,183.491889583,2.3980270602406644,110.521,10.5877,1.1125,0.1657375,6,0.0,0.0,3.6,3.6,3.6,9.0,39.24,39.78,200,0,22,45,32,0,0,0,0,0,0,0,1,0,0,0.171
210,20120609,3.5669999999999997,21.041999999999998,65.91791666666667,0.0,98.744,160.517,88.0717502083,1.0370515862245149,56.1717,2.49135,1.1,0.16290000000000002,6,0.0,0.0,0.0,3.6,3.6,9.0,35.64,39.78,200,0,22,45,32,0,0,0,0,0,0,0,1,0,0,0.139
211,20120610,3.14,21.993000000000002,69.52562499999999,0.0,98.615,321.08299999999997,186.58770645799999,2.089975949318589,116.21,5.88298,1.1,0.159525,6,0.0,0.0,0.0,3.6,3.6,9.0,26.46,39.78,200,0,22,45,32,0,0,0,0,0,0,0,1,0,0,0.118
212,20120611,4.763,20.991,74.38687499999997,0.0,98.30799999999999,167.43,90.7638914583,1.039835468633334,65.3454,-0.9574790000000001,1.1,0.15615,6,0.0,0.0,0.0,0.0,3.6,9.0,9.18,39.78,200,0,22,45,32,0,0,0,0,0,0,0,1,0,0,0.128
213,20120612,5.25,20.811999999999998,71.33729166666667,0.18,98.115,280.971,150.533477542,1.3895354144715917,114.955,4.7279,1.1,0.152775,6,0.18,0.18,0.18,0.18,3.78,3.78,9.36,39.6,200,0,22,45,32,0,0,0,0,0,0,0,1,0,0,0.131
214,20120613,2.642,18.237000000000002,69.38312499999999,0.0,98.76899999999999,341.60699999999997,184.937407812,1.6463586574077171,130.505,6.2919599999999996,1.1,0.1494,6,0.18,0.18,0.18,0.18,3.78,3.78,9.18,39.6,200,0,22,45,32,0,0,0,0,0,0,0,1,0,0,0.14800000000000002
215,20120614,2.195,18.642,63.60583333333333,0.0,99.227,349.038,184.735130625,1.6106453080412142,126.762,7.05921,1.1,0.14602500000000002,6,0.0,0.18,0.18,0.18,0.18,3.78,9.18,39.6,200,0,22,45,32,0,0,0,0,0,0,0,1,0,0,0.11699999999999999
216,20120615,2.135,20.252,56.12131041666667,0.0,99.417,357.866,187.681233438,2.5944248774010354,107.382,9.098939999999999,1.1,0.14265,6,0.0,0.0,0.18,0.18,0.18,3.78,9.18,39.6,200,0,22,45,32,0,0,0,0,0,0,0,1,0,0,0.131
217,20120616,2.296,23.925,52.12458333333333,0.0,99.346,346.713,184.82377768799998,2.274985208004223,109.705,12.1964,1.1,0.139275,6,0.0,0.0,0.18,0.18,0.18,3.78,9.18,39.42,200,0,22,45,32,0,0,0,0,0,0,0,1,0,0,0.135
218,20120617,2.347,25.259,52.37145833333333,0.0,99.185,342.634,182.772497708,2.1078228269531367,108.708,12.627,1.1,0.1359,6,0.0,0.0,0.0,0.18,0.18,3.78,3.78,39.42,200,0,22,45,32,0,0,0,0,0,0,0,1,0,0,0.129
219,20120618,1.922,25.83,49.22416666666666,0.0,99.06700000000001,341.405,180.535892708,1.4630922990316195,120.71600000000001,12.7701,1.0875,0.134325,6,0.0,0.0,0.0,0.18,0.18,3.78,3.78,39.42,200,0,22,45,32,0,0,0,0,0,0,0,1,0,0,0.127
220,20120620,1.796,25.313000000000002,48.31541666666666,0.0,98.846,290.493,151.267234167,1.462364665259587,102.24700000000001,9.13787,1.0625,0.131175,6,0.0,0.0,0.0,0.0,0.18,0.18,3.78,26.64,200,0,22,45,32,0,0,0,0,0,0,0,1,0,0,0.129
221,20120621,2.758,24.748,57.65479166666668,0.0,98.59200000000001,338.028,181.810289375,1.4268977812431138,127.21600000000001,0.284292,1.05,0.1296,6,0.0,0.0,0.0,0.0,0.18,0.18,3.78,9.36,200,0,22,45,32,0,0,0,0,0,0,0,1,0,0,0.126
222,20120622,2.8480000000000003,25.654,62.09791666666666,0.0,98.902,340.32099999999997,183.68936479200002,3.051476393477563,89.7211,7.74056,1.0375,0.128025,6,0.0,0.0,0.0,0.0,0.0,0.18,3.78,9.36,200,0,22,45,32,0,0,0,0,0,0,0,1,0,0,0.12300000000000001
223,20120623,2.498,25.926,42.019375,0.18,99.215,351.619,159.874723125,3.2374232321104803,84.1132,7.34881,1.025,0.12645,6,0.18,0.18,0.18,0.18,0.18,0.36,3.96,9.36,200,0,22,45,32,0,0,0,0,0,0,0,1,0,0,0.131
224,20120624,2.396,24.823,34.775,0.0,99.10600000000001,344.70300000000015,149.81468566700002,2.9795914252557685,78.6254,5.65521,1.0125,0.124875,6,0.18,0.18,0.18,0.18,0.18,0.36,0.36,9.36,200,0,22,45,32,0,0,0,0,0,0,0,1,0,0,0.125
225,20120625,2.351,23.432,55.67416666666666,0.0,98.742,332.18199999999996,147.071758125,1.4672969577946624,98.5538,9.3196,1.0,0.1233,6,0.0,0.18,0.18,0.18,0.18,0.36,0.36,9.36,200,0,22,45,32,0,0,0,0,0,0,0,1,0,0,0.14300000000000002
226,20120628,2.326,25.861,58.26270833333333,0.0,98.936,333.82,146.725426458,2.0356798636728115,100.47,11.5399,0.9625,0.1204875,6,0.0,0.0,0.0,0.18,0.18,0.18,0.36,3.96,200,0,22,45,32,0,0,0,0,0,0,0,1,0,0,0.125
227,20120629,2.176,25.435,64.645,0.0,98.964,330.529,144.897063915,1.6152746440209989,102.492,12.1811,0.95,0.11955,6,0.0,0.0,0.0,0.18,0.18,0.18,0.36,3.96,200,0,22,45,32,0,0,0,0,0,0,0,1,0,0,0.134
228,20120630,2.012,26.000999999999998,57.14354166666667,0.0,99.046,320.01099999999997,137.112941458,1.352003741930654,95.4964,10.8476,0.9375,0.1186125,6,0.0,0.0,0.0,0.0,0.18,0.18,0.36,3.96,200,0,22,45,32,0,0,0,0,0,0,0,1,0,0,0.147
229,20120701,2.0909999999999997,27.016,46.43020833333333,0.0,98.902,321.905,135.838750833,0.9116474931026304,91.4948,11.1549,0.925,0.117675,7,0.0,0.0,0.0,0.0,0.18,0.18,0.36,3.96,200,0,22,45,32,0,0,0,0,0,0,0,1,0,0,0.14400000000000002
230,20120702,2.728,26.01,51.24895833333334,0.0,98.9,326.921,141.606409792,1.7137334687305543,105.936,10.198,0.9125,0.1167375,7,0.0,0.0,0.0,0.0,0.18,0.18,0.18,3.96,200,0,22,45,32,0,0,0,0,0,0,0,1,0,0,0.147
231,20120707,2.211,24.85,67.77618958333333,0.0,98.835,337.24300000000005,173.413860417,2.5450088904391888,79.2818,1.14731,0.9,0.1136,7,0.0,0.0,0.0,0.0,0.0,0.18,0.18,0.36,200,0,22,45,32,0,0,0,0,0,0,0,1,0,0,0.153
232,20120708,2.325,24.926,57.47125,0.0,98.796,334.9790000000001,162.811526292,1.6462340196569218,92.8972,6.715560000000001,0.9,0.11305,7,0.0,0.0,0.0,0.0,0.0,0.0,0.18,0.36,200,0,22,45,32,0,0,0,0,0,0,0,1,0,0,0.152
233,20120709,2.334,26.141,53.23246666666667,0.0,98.698,303.561,147.03489125,1.5517368022569131,83.3972,9.12544,0.9,0.1125,7,0.0,0.0,0.0,0.0,0.0,0.0,0.18,0.36,200,0,22,45,32,0,0,0,0,0,0,0,1,0,0,0.139
234,20120710,1.733,25.927,72.68806666666667,0.0,98.76899999999999,324.632,164.63593979200002,2.1281219718081914,83.3482,13.04,0.9,0.11195,7,0.0,0.0,0.0,0.0,0.0,0.0,0.18,0.36,200,0,22,45,32,0,0,0,0,0,0,0,1,0,0,0.15
235,20120711,2.161,25.858,70.09192291666666,0.0,98.906,322.322,165.39886770799998,2.883409943166253,91.9009,10.6024,0.9,0.1114,7,0.0,0.0,0.0,0.0,0.0,0.0,0.18,0.36,200,0,22,45,32,0,0,0,0,0,0,0,1,0,0,0.14200000000000002
236,20120712,2.349,26.065,66.19812499999999,0.0,98.802,296.113,152.22439125,2.6481626446474333,82.8427,7.11494,0.9,0.1093875,7,0.0,0.0,0.0,0.0,0.0,0.0,0.18,0.18,200,0,22,45,32,0,0,0,0,0,0,0,1,0,0,0.151
237,20120713,2.674,24.496,59.87645833333333,0.0,98.66,331.778,166.167456042,2.308687378510752,113.76700000000001,6.18377,0.9,0.107375,7,0.0,0.0,0.0,0.0,0.0,0.0,0.0,0.18,200,0,22,45,32,0,0,0,0,0,0,0,1,0,0,0.133
238,20120714,3.8960000000000004,27.198,58.14458333333332,0.0,98.637,314.154,160.529938292,2.384202795146018,114.193,8.85546,0.9,0.1053625,7,0.0,0.0,0.0,0.0,0.0,0.0,0.0,0.18,200,0,22,45,32,0,0,0,0,0,0,0,1,0,0,0.14200000000000002
239,20120715,3.391,26.75,51.549375,0.0,98.64399999999999,329.5490000000001,160.108345833,2.213672390141601,109.212,7.9451899999999975,0.9,0.10335,7,0.0,0.0,0.0,0.0,0.0,0.0,0.0,0.18,200,0,22,45,32,0,0,0,0,0,0,0,1,0,0,0.157
240,20120716,4.0,25.269000000000002,40.931041666666665,0.0,99.154,324.6790000000001,153.071881875,1.45123002465538,68.9391,3.60675,0.9,0.1013375,7,0.0,0.0,0.0,0.0,0.0,0.0,0.0,0.18,200,0,22,45,32,0,0,0,0,0,0,0,1,0,0,0.151
241,20120717,2.991,25.619,33.73208333333333,0.0,99.294,337.085,158.045795833,1.7273709577040175,71.5044,6.3044,0.9,0.099325,7,0.0,0.0,0.0,0.0,0.0,0.0,0.0,0.18,200,0,22,45,32,0,0,0,0,0,0,0,1,0,0,0.154
242,20120718,2.763,26.197,34.39291666666667,0.0,99.194,331.782,157.220287292,1.9491939316902072,100.779,7.41569,0.9,0.0973125,7,0.0,0.0,0.0,0.0,0.0,0.0,0.0,0.18,200,0,22,45,32,0,0,0,0,0,0,0,1,0,0,0.152
243,20120719,2.3480000000000003,25.326,41.56229166666667,0.0,98.958,331.91,177.803737917,2.341734364766939,82.6454,-1.19706,0.9,0.0953,7,0.0,0.0,0.0,0.0,0.0,0.0,0.0,0.18,200,0,22,45,32,0,0,0,0,0,0,0,1,0,0,0.16
244,20120720,2.889,24.833000000000002,37.409375,0.0,98.829,332.759,176.317311875,1.3460995625337069,125.64200000000001,2.2017900000000004,0.8875000000000001,0.0946375,7,0.0,0.0,0.0,0.0,0.0,0.0,0.0,0.18,200,0,22,45,32,0,0,0,0,0,0,0,1,0,0,0.156
245,20120721,3.365,24.171999999999997,57.62270833333334,0.0,98.669,311.722,166.576767708,1.2658789838030704,137.55700000000002,5.5224800000000025,0.875,0.093975,7,0.0,0.0,0.0,0.0,0.0,0.0,0.0,0.18,200,0,22,45,32,0,0,0,0,0,0,0,1,0,0,0.156
246,20120722,3.946,23.656,58.93541666666667,0.0,98.475,245.271,143.613929583,2.1231523937900683,80.0764,2.45644,0.8625,0.0933125,7,0.0,0.0,0.0,0.0,0.0,0.0,0.0,0.18,200,0,22,45,32,0,0,0,0,0,0,0,1,0,0,0.146
247,20120723,6.223,22.084,62.886041666666664,2.4,98.53299999999999,149.639,82.5129863542,3.6238313597783818,12.6126,-9.37294,0.8500000000000001,0.09265,7,2.4,2.4,2.4,2.4,2.4,2.4,2.4,2.4,200,0,22,45,32,0,0,0,0,0,0,0,1,0,0,0.152
248,20120724,3.926,23.028000000000002,67.58333333333334,0.0,98.56200000000001,120.477,65.7557389583,1.957749815488003,9.37636,-2.25177,0.8375,0.0919875,7,2.4,2.4,2.4,2.4,2.4,2.4,2.4,2.4,200,0,22,45,32,0,0,0,0,0,0,0,1,0,0,0.162
249,20120725,2.32,23.645,65.83,0.0,98.794,309.76599999999996,166.71869645799998,2.433898915790956,102.04299999999999,11.5587,0.8250000000000001,0.091325,7,0.0,2.4,2.4,2.4,2.4,2.4,2.4,2.4,200,0,22,45,32,0,0,0,0,0,0,0,1,0,0,0.188
250,20120726,2.388,24.519000000000002,59.23854166666666,0.0,99.00399999999999,310.077,164.514373458,2.373867353245241,96.0609,10.4526,0.8125,0.0906625,7,0.0,0.0,2.4,2.4,2.4,2.4,2.4,2.4,200,0,22,45,32,0,0,0,0,0,0,0,1,0,0,0.146
251,20120727,2.419,27.346,45.69166666666666,0.0,98.87299999999999,313.24,165.631885208,2.5159384731042627,76.7845,11.9396,0.8,0.09000000000000001,7,0.0,0.0,2.4,2.4,2.4,2.4,2.4,2.4,200,0,22,45,32,0,0,0,0,0,0,0,1,0,0,0.157
252,20120728,2.484,27.55,38.44229166666667,0.0,98.65799999999999,289.82099999999997,144.05822,1.8220212744328728,78.4161,8.46083,0.8,0.0892875,7,0.0,0.0,0.0,2.4,2.4,2.4,2.4,2.4,200,0,22,45,32,0,0,0,0,0,0,0,1,0,0,0.151
253,20120729,2.375,26.539,59.01,0.0,98.64200000000001,303.247,159.95470125,1.1814569790552558,125.382,10.4572,0.8,0.088575,7,0.0,0.0,0.0,2.4,2.4,2.4,2.4,2.4,200,0,22,45,32,0,0,0,0,0,0,0,1,0,0,0.141
254,20120730,2.333,26.541,49.31854166666667,0.0,98.87299999999999,321.2920000000001,166.002356042,3.817223537554912,49.2578,9.010769999999999,0.8,0.08786250000000001,7,0.0,0.0,0.0,0.0,2.4,2.4,2.4,2.4,200,0,22,45,32,0,0,0,0,0,0,0,1,0,0,0.13
255,20120731,3.014,26.84800000000001,41.356875,0.0,98.815,319.553,164.169823063,2.007200350633079,93.8637,8.80813,0.8,0.08715,7,0.0,0.0,0.0,0.0,2.4,2.4,2.4,2.4,200,0,22,45,32,0,0,0,0,0,0,0,1,0,0,0.128
256,20120801,2.67,28.055999999999997,40.78229166666667,0.0,98.73299999999999,318.747,164.785548125,1.9906024690421311,95.2777,9.3136,0.8,0.0864375,8,0.0,0.0,0.0,0.0,2.4,2.4,2.4,2.4,200,0,22,45,32,0,0,0,0,0,0,0,1,0,0,0.141
257,20120802,2.258,26.488000000000003,49.21312500000001,0.0,98.81700000000001,311.705,159.125095833,1.714023101632405,108.56299999999999,8.81498,0.8,0.08572500000000001,8,0.0,0.0,0.0,0.0,0.0,2.4,2.4,2.4,200,0,22,45,32,0,0,0,0,0,0,0,1,0,0,0.132
258,20120803,2.141,25.019000000000002,56.61166666666666,0.0,98.875,311.64599999999996,157.946562708,1.5571615114136477,110.51299999999999,7.650810000000001,0.8,0.0850125,8,0.0,0.0,0.0,0.0,0.0,2.4,2.4,2.4,200,0,22,45,32,0,0,0,0,0,0,0,1,0,0,0.13699999999999998
259,20120804,2.326,26.41,45.29041666666666,0.0,98.73100000000001,311.888,154.595354167,1.2520690604032159,113.649,8.16746,0.8,0.0843,8,0.0,0.0,0.0,0.0,0.0,2.4,2.4,2.4,200,0,22,45,32,0,0,0,0,0,0,0,1,0,0,0.127
260,20120805,3.6439999999999997,26.663,58.35541666666666,0.0,98.656,299.403,150.136550437,0.7762605278627761,127.945,7.3755,0.8,0.0839125,8,0.0,0.0,0.0,0.0,0.0,2.4,2.4,2.4,200,0,22,45,32,0,0,0,0,0,0,0,1,0,0,0.13699999999999998
261,20120806,2.247,28.587,59.18229166666666,0.0,98.975,259.556,123.821425208,0.8367687350209867,90.2265,8.41881,0.8,0.083525,8,0.0,0.0,0.0,0.0,0.0,2.4,2.4,2.4,200,0,22,45,32,0,0,0,0,0,0,0,1,0,0,0.136
262,20120807,3.05,28.448,49.6525,0.0,99.165,290.144,145.662722917,1.0125363614203835,101.255,8.40569,0.8,0.0831375,8,0.0,0.0,0.0,0.0,0.0,0.0,2.4,2.4,200,0,22,45,32,0,0,0,0,0,0,0,1,0,0,0.132
263,20120808,2.137,26.445,38.685625,0.0,99.102,318.796,152.69847895799998,0.9475081363265679,103.786,8.29685,0.8,0.08275,8,0.0,0.0,0.0,0.0,0.0,0.0,2.4,2.4,200,0,22,45,32,0,0,0,0,0,0,0,1,0,0,0.14200000000000002
264,20120810,3.903,28.66800000000001,31.8325,0.0,98.85,286.415,132.737787083,1.0499770391879493,85.7381,7.441289999999999,0.8,0.081975,8,0.0,0.0,0.0,0.0,0.0,0.0,2.4,2.4,200,0,22,45,32,0,0,0,0,0,0,0,1,0,0,0.13
265,20120811,3.4189999999999996,26.366999999999997,33.56958333333333,0.0,98.73299999999999,304.733,138.64602375,1.0031361304533777,106.492,3.8534,0.8,0.08158750000000001,8,0.0,0.0,0.0,0.0,0.0,0.0,2.4,2.4,200,0,22,45,32,0,0,0,0,0,0,0,1,0,0,0.138
266,20120812,2.5780000000000003,25.301,38.26583333333333,0.0,98.715,264.69,117.78193541700001,0.7635733238971909,98.0788,5.72058,0.8,0.08120000000000001,8,0.0,0.0,0.0,0.0,0.0,0.0,0.0,2.4,200,0,22,45,32,0,0,0,0,0,0,0,1,0,0,0.134
267,20120813,2.25,24.212,64.885625,0.0,98.552,170.67,78.1124021042,0.9981416820732264,63.2503,1.6432099999999998,0.8,0.0808625,8,0.0,0.0,0.0,0.0,0.0,0.0,0.0,2.4,200,0,22,45,32,0,0,0,0,0,0,0,1,0,0,0.14300000000000002
268,20120814,2.18,25.105999999999998,74.685,0.0,98.64,292.518,140.49013016700002,0.726071905678232,108.338,10.4599,0.8,0.080525,8,0.0,0.0,0.0,0.0,0.0,0.0,0.0,2.4,200,0,22,45,32,0,0,0,0,0,0,0,1,0,0,0.141
269,20120815,2.261,25.243000000000002,69.51104166666666,0.0,98.829,297.329,135.379971277,2.451772086474372,77.9121,-0.7149369999999999,0.8,0.08018750000000001,8,0.0,0.0,0.0,0.0,0.0,0.0,0.0,2.4,200,0,22,45,32,0,0,0,0,0,0,0,1,0,0,0.118
270,20120816,2.332,24.636999999999997,71.066875,0.0,98.93299999999999,292.754,161.168186875,1.2895648036479663,93.6283,3.7991699999999997,0.8,0.07985,8,0.0,0.0,0.0,0.0,0.0,0.0,0.0,2.4,200,0,22,45,32,0,0,0,0,0,0,0,1,0,0,0.118
271,20120817,2.146,26.401,60.00187500000001,0.0,98.977,291.568,146.25738770799998,1.7329593223989814,66.6943,9.26052,0.8,0.0795125,8,0.0,0.0,0.0,0.0,0.0,0.0,0.0,2.4,200,0,22,45,32,0,0,0,0,0,0,0,1,0,0,0.14800000000000002
272,20120818,2.653,28.596,40.79625,0.0,99.12100000000001,299.987,75.4344858333,3.023649679346605,5.607419999999999,0.5696869999999999,0.8,0.07917500000000001,8,0.0,0.0,0.0,0.0,0.0,0.0,0.0,2.4,200,0,22,45,32,0,0,0,0,0,0,0,1,0,0,0.141
273,20120819,3.0380000000000003,28.250999999999998,37.72666666666667,0.0,99.329,291.585,93.7949752083,2.395632603822684,18.1783,4.43877,0.8,0.0788375,8,0.0,0.0,0.0,0.0,0.0,0.0,0.0,2.4,200,0,22,45,32,0,0,0,0,0,0,0,1,0,0,0.14800000000000002
274,20120820,2.1919999999999997,26.916999999999998,50.00083333333333,0.0,99.31700000000001,291.205,84.6881791667,1.5186738895403502,37.2464,9.539710000000001,0.8,0.0785,8,0.0,0.0,0.0,0.0,0.0,0.0,0.0,2.4,200,0,22,45,32,0,0,0,0,0,0,0,1,0,0,0.141
275,20120821,2.116,27.166,58.80708333333333,0.0,99.131,273.709,85.2460745833,1.1647780128019984,41.4851,10.9258,0.8125,0.07653750000000001,8,0.0,0.0,0.0,0.0,0.0,0.0,0.0,2.4,200,0,22,45,32,0,0,0,0,0,0,0,1,0,0,0.14400000000000002
276,20120822,2.144,27.072,55.85,0.0,99.073,278.862,78.5473916667,0.9392043981094058,39.330999999999996,9.36575,0.8250000000000001,0.074575,8,0.0,0.0,0.0,0.0,0.0,0.0,0.0,0.0,200,0,22,45,32,0,0,0,0,0,0,0,1,0,0,0.147
277,20120823,2.176,26.894000000000002,47.70729166666667,0.0,98.962,277.508,74.7266520833,0.873982733263718,32.3205,7.669789999999999,0.8375,0.07261250000000001,8,0.0,0.0,0.0,0.0,0.0,0.0,0.0,0.0,200,0,22,45,32,0,0,0,0,0,0,0,1,0,0,0.133
278,20120824,2.173,25.436,61.28770833333334,0.0,98.825,279.128,66.1636364583,0.8530122276329234,46.0561,6.311,0.8500000000000001,0.07065,8,0.0,0.0,0.0,0.0,0.0,0.0,0.0,0.0,200,0,22,45,32,0,0,0,0,0,0,0,1,0,0,0.141
279,20120825,2.958,25.849,59.6,0.0,98.74600000000001,278.11,69.4835183333,0.5583903447564867,49.0811,4.64119,0.8625,0.0686875,8,0.0,0.0,0.0,0.0,0.0,0.0,0.0,0.0,200,0,22,45,32,0,0,0,0,0,0,0,1,0,0,0.146
280,20120826,2.613,26.315,72.37916666666666,1.2,98.53299999999999,230.81900000000002,52.109152083299996,0.7725916954413307,34.3061,2.16277,0.875,0.066725,8,1.2,1.2,1.2,1.2,1.2,1.2,1.2,1.2,200,0,22,45,32,0,0,0,0,0,0,0,1,0,0,0.14400000000000002
281,20120827,3.745,24.436,46.026666666666664,0.0,99.071,292.942,62.9447985417,1.9009200443286485,14.1132,0.327729,0.8875000000000001,0.0647625,8,1.2,1.2,1.2,1.2,1.2,1.2,1.2,1.2,200,0,22,45,32,0,0,0,0,0,0,0,1,0,0,0.136
282,20120828,2.609,23.955,52.19791666666666,0.0,99.28299999999999,279.94599999999997,62.7465145833,1.023188053388334,30.56900000000001,5.26504,0.9,0.06280000000000001,8,0.0,1.2,1.2,1.2,1.2,1.2,1.2,1.2,200,0,22,45,32,0,0,0,0,0,0,0,1,0,0,0.125
283,20120829,2.215,24.56,52.55708333333334,0.0,99.24799999999999,275.975,65.438076125,0.9204433070652024,32.5922,5.4870800000000015,0.9125,0.06380000000000001,8,0.0,0.0,1.2,1.2,1.2,1.2,1.2,1.2,200,0,22,45,32,0,0,0,0,0,0,0,1,0,0,0.125
284,20120830,2.117,24.614,64.8625,0.0,99.083,270.865,54.6054083333,0.6576041669798071,39.5486,6.0191,0.925,0.0648,8,0.0,0.0,1.2,1.2,1.2,1.2,1.2,1.2,200,0,22,45,32,0,0,0,0,0,0,0,1,0,0,0.147
285,20120831,4.734,23.685,68.75895833333333,0.2,98.585,223.96599999999998,26.936877916700002,0.594884462901626,41.3019,-1.22508,0.9375,0.0658,8,0.2,0.2,0.2,1.4,1.4,1.4,1.4,1.4,200,0,22,45,32,0,0,0,0,0,0,0,1,0,0,0.132
286,20120901,3.951,20.168,63.57291666666666,0.0,98.781,168.775,31.396951875,0.2628676275685365,32.6553,-4.9935599999999996,0.95,0.0668,9,0.2,0.2,0.2,1.4,1.4,1.4,1.4,1.4,200,0,22,45,32,0,0,0,0,0,0,0,1,0,0,0.14400000000000002
287,20120912,4.075,22.16800000000001,77.27645,0.8,98.569,207.313,117.770686667,1.6735349630619778,62.5391,1.93154,1.0,0.08655,9,0.8,1.0,1.0,4.2,48.6,52.6,53.8,53.8,200,0,22,45,32,0,0,0,0,0,0,0,1,0,0,0.21600000000000005
288,20120913,4.898,18.211,79.41951250000002,10.4,97.648,174.19299999999996,71.96878555560001,3.4397739864151418,25.0847,-17.2754,1.0,0.0888,9,11.2,11.2,11.4,11.4,49.4,63.0,64.2,64.2,200,0,22,45,32,0,0,0,0,0,0,0,1,0,0,0.172
289,20120914,4.9639999999999995,15.31,84.24854166666667,9.0,97.756,37.781,13.39126375,2.304663692269964,-33.7297,-21.6102,1.0125,0.09075,9,19.4,20.2,20.4,20.4,46.0,72.0,73.2,73.2,200,0,22,45,32,0,0,0,0,0,0,0,1,0,0,0.259
290,20120915,3.6,20.375,70.23479166666667,0.0,98.375,249.217,121.344247292,3.4789293559753416,21.904,0.721187,1.025,0.0927,9,9.0,19.4,20.2,20.4,23.6,71.8,72.0,73.2,200,0,22,45,32,0,0,0,0,0,0,0,1,0,0,0.19
291,20120916,3.198,19.705,62.78145833333334,0.0,98.76,247.9,109.74170625,3.1979351234031124,23.1078,-4.17042,1.0375,0.09465,9,0.0,9.0,20.2,20.4,20.4,71.8,72.0,73.2,200,0,22,45,32,0,0,0,0,0,0,0,1,0,0,0.18600000000000005
292,20120917,2.044,18.074,70.78750000000002,0.0,98.875,235.84400000000002,112.04024291700001,2.564596522637544,40.8416,-1.41458,1.05,0.0966,9,0.0,0.0,19.4,20.2,20.4,68.0,72.0,73.2,200,0,22,45,32,0,0,0,0,0,0,0,1,0,0,0.154
293,20120918,1.689,19.033,75.34827291666666,0.0,98.89399999999999,213.483,163.26800483899999,1.7203191836003495,55.0955,3.90835,1.0625,0.09855,9,0.0,0.0,9.0,20.2,20.4,58.4,72.0,73.2,200,0,22,45,32,0,0,0,0,0,0,0,1,0,0,0.157
294,20120921,2.531,17.544,67.38065833333333,0.0,99.46700000000001,199.378,87.1958216667,1.5925384813710812,33.3746,0.872604,1.1,0.1044,9,0.2,4.0,4.0,4.0,24.2,24.4,75.8,77.2,200,0,22,45,32,0,0,0,0,0,0,0,1,0,0,0.147
295,20120922,2.6510000000000002,19.52,82.28332708333333,0.0,99.177,136.094,69.9452754167,1.0044986065339672,39.2482,2.16958,1.1125,0.10525,9,0.0,0.2,4.0,4.0,23.4,24.4,72.0,77.2,200,0,22,45,32,0,0,0,0,0,0,0,1,0,0,0.151
296,20120923,2.94,23.593000000000004,73.68770833333333,0.0,99.01,168.37400000000005,79.9053021667,1.0796692106307173,46.2936,9.942,1.125,0.1061,9,0.0,0.0,4.0,4.0,13.0,24.4,62.4,77.2,200,0,22,45,32,0,0,0,0,0,0,0,1,0,0,0.153
297,20120924,4.976,23.209,79.44875,0.0,98.44200000000001,164.533,67.2755577083,1.0487322003037334,42.8575,3.45946,1.1375,0.10695,9,0.0,0.0,0.2,4.0,4.0,24.4,50.0,77.2,200,0,22,45,32,0,0,0,0,0,0,0,1,0,0,0.19699999999999998
298,20120925,4.275,20.785999999999998,73.76651666666667,0.0,98.594,179.55599999999995,78.6630816667,1.0210430479534325,47.9151,0.8242079999999999,1.15,0.1078,9,0.0,0.0,0.0,4.0,4.0,24.2,27.6,76.0,200,0,22,45,32,0,0,0,0,0,0,0,1,0,0,0.14800000000000002
299,20120926,5.903,23.156999999999996,73.28854166666666,0.0,98.65,78.248,26.8894945833,0.7437214837627197,5.4205,-0.0728333,1.1625,0.10865,9,0.0,0.0,0.0,0.2,4.0,24.2,24.4,76.0,200,0,22,45,32,0,0,0,0,0,0,0,1,0,0,0.18600000000000005
300,20120927,2.968,23.230999999999998,77.87551458333333,0.0,98.869,159.415,68.6606564583,0.8522456026808942,37.2851,8.01752,1.175,0.1095,9,0.0,0.0,0.0,0.0,4.0,23.4,24.4,76.0,200,0,22,45,32,0,0,0,0,0,0,0,1,0,0,0.152
301,20120928,2.134,22.08,76.77256249999998,0.0,99.042,114.209,47.999411875,0.8186761093323677,25.6597,0.791354,1.1875,0.11035,9,0.0,0.0,0.0,0.0,4.0,13.0,24.4,76.0,200,0,22,45,32,0,0,0,0,0,0,0,1,0,0,0.2
302,20120929,3.997,24.615,57.41979166666666,0.0,98.788,130.968,55.3054247917,1.1716391018750358,22.5711,4.98163,1.2000000000000002,0.1112,9,0.0,0.0,0.0,0.0,0.2,4.0,24.4,76.0,200,0,22,45,32,0,0,0,0,0,0,0,1,0,0,0.133
303,20120930,2.716,20.206,84.17085208333334,6.0,98.992,66.171,26.5701360417,1.8587168322318488,-4.271719999999998,-8.20017,1.2125,0.11295,9,6.0,6.0,6.0,6.0,6.0,10.0,30.2,81.8,200,0,22,45,32,0,0,0,0,0,0,0,1,0,0,0.2
304,20121002,1.62,18.480999999999998,75.96158958333334,0.4,99.162,143.099,69.128596,1.8172985039821856,22.7826,-4.24865,1.2375,0.11645,10,3.4,9.4,9.4,9.4,9.4,13.4,32.8,81.39999999999998,200,0,22,45,32,0,0,0,0,0,0,0,1,0,0,0.201
305,20121003,1.526,17.984,77.38954791666667,0.0,99.329,188.71900000000002,81.8566855319,1.5724420930745564,34.9507,-0.679875,1.25,0.1182,10,0.4,3.4,9.4,9.4,9.4,13.4,22.4,71.8,200,0,22,45,32,0,0,0,0,0,0,0,1,0,0,0.19399999999999998
306,20121004,1.9280000000000002,17.292,77.48829375000003,0.2,99.292,178.805,79.9563052083,1.1804072224019055,43.6275,-2.47515,1.2625000000000002,0.11995,10,0.2,0.6000000000000001,9.6,9.6,9.6,9.8,13.599999999999998,59.6,200,0,22,45,32,0,0,0,0,0,0,0,1,0,0,0.19399999999999998
307,20121005,1.531,17.541,72.12245,0.0,99.42299999999999,200.84799999999998,84.8046622083,1.1930438324073154,43.8454,1.02465,1.275,0.1217,10,0.2,0.2,3.6,9.6,9.6,9.6,13.599999999999998,37.2,200,0,22,45,32,0,0,0,0,0,0,0,1,0,0,0.198
308,20121007,2.528,19.308,84.63516666666666,0.0,99.081,101.6,47.2417883333,0.6928538905265356,33.5089,-0.796979,1.3,0.1252,10,0.2,0.2,0.4,3.8,9.8,9.8,13.8,34.2,200,0,22,45,32,0,0,0,0,0,0,0,1,0,0,0.17800000000000002
309,20121008,2.338,19.83,75.92897083333334,0.0,98.86,183.60299999999998,83.5461883333,1.0568789135960663,48.7647,4.77535,1.3125,0.1291,10,0.0,0.2,0.4,0.8,9.8,9.8,13.8,34.2,200,0,22,45,32,0,0,0,0,0,0,0,1,0,0,0.18600000000000005
310,20121009,2.574,18.347,82.42892291666669,0.4,98.542,100.53299999999999,49.9261558333,0.9524261134850974,29.5774,-3.84565,1.3250000000000002,0.133,10,0.4,0.4,0.6000000000000001,0.8,10.2,10.2,10.4,34.6,200,0,22,45,32,0,0,0,0,0,0,0,1,0,0,0.188
311,20121013,2.032,17.105,83.32071875,1.2,98.523,122.359,61.8822128958,1.8821691572562549,10.6188,-7.50577,1.375,0.1486,10,21.8,29.6,30.2,30.2,30.6,40.0,40.0,53.0,200,0,22,45,32,0,0,0,0,0,0,0,1,0,0,0.209
312,20121014,2.772,17.166,77.00529583333334,0.2,98.29799999999999,145.42,63.1787091667,1.9954425550207124,18.8918,-7.892710000000001,1.3875000000000002,0.1525,10,1.4,22.0,30.0,30.4,30.6,40.2,40.2,44.2,200,0,22,45,32,0,0,0,0,0,0,0,1,0,0,0.205
313,20121015,3.8560000000000003,17.317999999999998,81.25699375,14.4,97.94200000000001,120.353,61.9890510417,2.574727064897785,2.92003,-4.45787,1.4,0.1564,10,14.6,15.8,44.2,44.8,45.0,48.6,54.6,58.6,200,0,22,45,32,0,0,0,0,0,0,0,1,0,0,0.222
314,20121016,2.497,15.151,76.53708333333333,0.2,98.648,174.6,60.786184999999996,2.5469164580303256,10.1483,-8.81338,1.4,0.1540375,10,14.6,14.8,36.6,44.6,45.0,45.8,54.8,58.8,200,0,22,45,32,0,0,0,0,0,0,0,1,0,0,0.21100000000000002
315,20121017,1.794,15.339,84.15940625,0.0,99.521,143.5,62.10324125,1.6074458926955584,17.7046,-5.45935,1.4,0.151675,10,0.2,14.6,15.999999999999998,44.4,45.0,45.40000000000001,54.8,58.8,200,0,22,45,32,0,0,0,0,0,0,0,1,0,0,0.214
316,20121018,1.913,15.216,73.20869375,0.0,99.506,180.42,67.7084079167,1.7324056130501464,20.0438,-5.32215,1.4,0.1493125,10,0.0,0.2,14.8,36.6,45.0,45.40000000000001,54.8,58.8,200,0,22,45,32,0,0,0,0,0,0,0,1,0,0,0.21600000000000005
317,20121019,1.9409999999999998,16.816,77.93895833333333,0.0,99.473,168.07,65.6871833333,1.4525155026566552,15.3073,-2.3211,1.4,0.14695,10,0.0,0.0,14.6,15.999999999999998,44.6,45.2,54.8,55.00000000000001,200,0,22,45,32,0,0,0,0,0,0,0,1,0,0,0.215
318,20121020,1.76,17.849,77.23625,0.0,99.35,164.015,61.5684333333,1.550596062485093,14.5484,0.974708,1.4,0.1445875,10,0.0,0.0,0.2,14.8,44.4,45.2,48.8,54.8,200,0,22,45,32,0,0,0,0,0,0,0,1,0,0,0.183
319,20121021,1.4809999999999999,18.986,76.36145833333335,0.0,99.131,143.046,60.434555,1.5655237399733226,12.2034,3.7477099999999997,1.4,0.14222500000000002,10,0.0,0.0,0.0,14.6,36.6,45.0,45.8,54.8,200,0,22,45,32,0,0,0,0,0,0,0,1,0,0,0.193
320,20121022,1.218,19.927,80.7025,0.0,99.05799999999999,143.438,65.4357083333,1.4567514504736008,22.2115,6.05971,1.4,0.1398625,10,0.0,0.0,0.0,0.2,15.999999999999998,45.0,45.40000000000001,54.8,200,0,22,45,32,0,0,0,0,0,0,0,1,0,0,0.18100000000000002
321,20121023,1.43,18.684,66.79556875,0.0,99.054,138.57399999999998,65.3641404167,1.3346035547097548,31.8647,0.395833,1.4,0.1375,10,0.0,0.0,0.0,0.0,14.8,45.0,45.40000000000001,54.8,200,0,22,45,32,0,0,0,0,0,0,0,1,0,0,0.18600000000000005
322,20121026,3.48,16.732,82.11024375,13.6,98.05,96.62899999999999,49.3004462708,1.1840828381981985,20.8764,-3.0514799999999997,1.4,0.149125,10,13.8,13.999999999999998,13.999999999999998,13.999999999999998,13.999999999999998,50.6,58.99999999999999,68.8,200,0,22,45,32,0,0,0,0,0,0,0,1,0,0,0.158
323,20121027,6.315,17.956,87.473125,4.8,96.715,88.488,35.51577750000001,1.5661203272531576,-24.24,-4.48592,1.4,0.153,10,18.4,18.6,18.8,18.8,18.8,34.800000000000004,63.8,73.60000000000002,200,0,22,45,32,0,0,0,0,0,0,0,1,0,0,0.221
324,20121028,6.271,11.364,77.56354166666667,9.6,97.238,87.022,34.7659204167,0.7281822963072433,-2.62622,-20.0751,1.4,0.156875,10,14.4,28.0,28.4,28.4,28.4,43.2,73.4,83.20000000000002,200,0,22,45,32,0,0,0,0,0,0,0,1,0,0,0.222
325,20121030,1.916,9.138,77.93291666666667,0.0,98.49600000000001,117.988,46.692580625,1.4864739905608062,5.38772,-9.11765,1.4,0.16462500000000002,10,3.6,13.2,31.6,32.0,32.0,32.2,76.4,80.80000000000003,200,0,22,45,32,0,0,0,0,0,0,0,1,0,0,0.237
326,20121101,4.468999999999999,15.704,87.18189791666668,11.4,97.23100000000001,116.85799999999999,48.303178333299996,2.1918112817413054,-8.68828,4.52529,1.4,0.1682375,11,54.0,54.0,67.2,85.6,86.0,86.0,102.0,131.4,200,0,22,45,32,0,0,0,0,0,0,0,1,0,0,0.226
327,20121110,3.571,13.537,76.629375,0.0,98.973,99.17299999999999,39.0425093125,1.1492495265167535,7.8818100000000015,-1.6662700000000001,1.4,0.163675,11,0.2,0.2,0.51,16.266000000000002,28.065999999999995,88.66599999999998,102.66599999999998,139.266,200,0,22,45,32,0,0,0,0,0,0,0,1,0,0,0.221
328,20121115,4.178999999999999,12.732999999999999,76.2275,0.0,99.18799999999999,76.413,16.757123625,1.7689447913791416,-17.7237,-7.98575,1.4,0.15686250000000002,11,0.0,1.9680000000000002,111.986,112.186,112.49599999999998,140.05200000000002,200.65200000000002,214.65200000000002,200,0,22,45,32,0,0,0,0,0,0,0,1,0,0,0.22899999999999998
329,20121116,4.706,11.45,74.55624999999998,0.0,99.102,127.738,23.82989375,1.5620221334497435,-14.5099,-9.99104,1.4,0.1555,11,0.0,0.0,19.186,111.986,112.292,128.65200000000002,195.852,214.65200000000002,200,0,22,45,32,0,0,0,0,0,0,0,1,0,0,0.22699999999999998
330,20121117,2.741,11.783,80.030625,0.0,98.917,125.727,34.664111875,1.1997146250811097,0.33769099999999996,-3.9357699999999998,1.4,0.1528625,11,0.0,0.0,1.9680000000000002,111.986,112.186,128.65200000000002,186.252,214.65200000000002,200,0,22,45,32,0,0,0,0,0,0,0,1,0,0,0.212
331,20121119,4.334,13.169,89.04770833333332,0.2,98.44200000000001,62.472,22.229569583299998,1.5253332719375217,-8.90831,-2.0746,1.4,0.1475875,11,2.4000000000000004,2.4000000000000004,2.4000000000000004,4.368,114.38600000000001,124.42299999999999,185.05200000000002,217.05200000000002,200,0,22,45,32,0,0,0,0,0,0,0,1,0,0,0.228
332,20121122,1.2930000000000001,11.17,90.5125,0.2,99.46700000000001,93.20299999999999,33.5432302083,0.7874382132300066,9.60626,-4.88835,1.4,0.139675,11,0.201,2.148,4.548,4.548,6.516,116.734,133.2,219.2,200,0,22,45,32,0,0,0,0,0,0,0,1,0,0,0.233
333,20121123,1.285,12.107000000000001,89.705,0.0,99.57700000000001,110.69,43.3984054167,1.0271340169428849,19.9752,-0.9233959999999999,1.4,0.1370375,11,0.2,0.201,2.3480000000000003,4.548,4.548,116.734,132.79999999999998,219.0,200,0,22,45,32,0,0,0,0,0,0,0,1,0,0,0.21899999999999997
334,20121124,1.361,10.785,90.85604166666668,0.2,99.69,96.89,32.6253075,0.7634357121393408,11.9506,-5.4441,1.4,0.13440000000000002,11,0.2,0.4,2.3480000000000003,4.748,4.748,116.734,126.771,219.0,200,0,22,45,32,0,0,0,0,0,0,0,1,0,0,0.222
335,20121125,1.618,10.578,89.74854166666668,0.2,99.596,108.35799999999999,29.8642325532,0.7506294783738825,13.5987,-5.22917,1.4,0.1329625,11,0.4,0.4,0.6010000000000001,2.748,4.948,116.934,117.444,205.6,200,0,22,45,32,0,0,0,0,0,0,0,1,0,0,0.215
336,20121126,2.583,11.307,88.07937499999998,0.2,99.25,71.554,17.1660477083,0.7411032079659019,-5.81289,-5.71023,1.4,0.131525,11,0.4,0.6000000000000001,0.8,2.748,5.1480000000000015,24.334,117.44,201.0,200,0,22,45,32,0,0,0,0,0,0,0,1,0,0,0.222
337,20121204,3.185,8.017000000000001,79.90895833333333,0.8,98.09200000000001,27.511999999999997,0.0789777083333,0.7405779825746129,-25.2919,-5.89654,1.4,0.11645,12,1.4,8.0,17.980999999999995,50.76900000000001,57.63200000000001,59.98000000000002,62.38000000000002,184.403,200,0,22,45,32,0,0,0,0,0,0,0,1,0,0,0.294
338,20121205,1.9780000000000002,4.776,84.43958333333333,3.2,97.67299999999999,35.808,5.831957710529999,0.4794443552762779,-18.3441,-14.4189,1.4,0.113225,12,4.0,4.6,16.6,34.509,60.63200000000001,61.23300000000001,65.58000000000001,178.07600000000005,200,0,22,45,32,0,0,0,0,0,0,0,1,0,0,0.301
339,20121208,3.986,4.178999999999999,74.393125,8.6,97.725,75.452,29.757322142899998,1.5476975811255644,-17.5223,-10.4474,1.4,0.10355,12,20.6,20.6,24.6,31.800000000000004,55.10900000000001,81.63200000000002,83.98000000000003,198.36600000000004,200,0,22,45,32,0,0,0,0,0,0,0,1,0,0,0.312
340,20121209,4.828,2.745,56.3125,0.4,98.896,111.35,14.0878913958,1.722556908941863,-21.0799,-14.0642,1.4,0.100325,12,9.0,21.0,24.2,25.6,42.181,81.832,84.18,198.56600000000003,200,0,22,45,32,0,0,0,0,0,0,0,1,0,0,0.242
341,20121210,2.326,5.019,76.92083333333333,3.0,98.29,89.76799999999999,31.941571875,0.8308495762540116,-3.16502,-2.74363,1.4,0.0971,12,3.4,12.0,24.0,28.0,40.6,84.63199999999998,85.23299999999998,201.56600000000003,200,0,22,45,32,0,0,0,0,0,0,0,1,0,0,0.28800000000000003
342,20121211,2.295,3.904,67.53500000000001,0.0,98.49600000000001,109.603,17.1238197917,1.0908594059344885,-9.6818,-10.2041,1.4,0.0959625,12,3.0,3.4,24.0,27.2,35.2,84.43199999999999,85.23200000000001,108.76600000000002,200,0,22,45,32,0,0,0,0,0,0,0,1,0,0,0.3
343,20121212,3.023,2.715,66.6025,0.0,99.181,109.426,12.466380212799999,0.9418132417579014,-15.1777,-11.2787,1.4,0.094825,12,0.0,3.0,12.0,24.0,28.6,77.969,85.03200000000002,91.54800000000002,200,0,22,45,32,0,0,0,0,0,0,0,1,0,0,0.28600000000000003
344,20121215,5.492999999999999,13.537,89.8,2.4,98.944,6.401,2.3853619999999998,0.5030132877507149,-37.0966,9.3965,1.4,0.0914125,12,2.6,2.6,2.6,6.0,26.6,43.2,87.23200000000001,92.18000000000004,200,0,22,45,32,0,0,0,0,0,0,0,1,0,0,0.303
345,20121216,1.942,12.020999999999999,90.43333333333334,0.0,98.82700000000001,60.083999999999996,20.1538419583,0.8735470538594535,-6.92122,3.10779,1.4,0.090275,12,2.4,2.6,2.6,5.6,26.6,37.8,87.03200000000002,92.18000000000004,200,0,22,45,32,0,0,0,0,0,0,0,1,0,0,0.306
346,20121219,3.128,5.702999999999999,74.70979166666666,0.0,99.087,106.62200000000001,17.7917647917,1.308635770006939,-9.585230000000001,-11.9183,1.3875000000000002,0.0896125,12,0.002,5.2360000000000015,7.635999999999999,7.8359999999999985,10.836,35.036,53.016999999999996,95.01600000000002,200,0,22,45,32,0,0,0,0,0,0,0,1,0,0,0.294
347,20121220,2.249,5.194,72.04875,0.0,99.23100000000001,53.306999999999995,10.27926375,0.5677270218958372,-14.7584,-9.20285,1.375,0.091225,12,0.0,0.002,5.2360000000000015,7.8359999999999985,7.8359999999999985,31.836,48.43600000000001,93.06900000000002,200,0,22,45,32,0,0,0,0,0,0,0,1,0,0,0.267
